date;hour;value;lat;lon;height
"2020-01-29";"03:00";26.48;49.25;14.2;250
"2020-01-29";"03:00";25.1;49.75;14.2;250
"2020-01-29";"03:00";26.37;50.25;14.2;250
"2020-01-29";"03:00";25.77;50.75;14.2;250
"2020-01-29";"03:00";25.14;51.25;14.2;250
"2020-01-29";"03:00";27.68;51.75;14.2;250
"2020-01-29";"03:00";28.89;52.25;14.2;250
"2020-01-29";"03:00";32.82;52.75;14.2;250
"2020-01-29";"03:00";32.37;53.25;14.2;250
"2020-01-29";"03:00";34.04;53.75;14.2;250
"2020-01-29";"03:00";34.33;54.25;14.2;250
"2020-01-29";"03:00";38.15;54.75;14.2;250
"2020-01-29";"03:00";25.42;49.25;15;250
"2020-01-29";"03:00";23.85;49.75;15;250
"2020-01-29";"03:00";25.09;50.25;15;250
"2020-01-29";"03:00";28.9;50.75;15;250
"2020-01-29";"03:00";26.76;51.25;15;250
"2020-01-29";"03:00";27.57;51.75;15;250
"2020-01-29";"03:00";28.26;52.25;15;250
"2020-01-29";"03:00";31.71;52.75;15;250
"2020-01-29";"03:00";32.29;53.25;15;250
"2020-01-29";"03:00";33.27;53.75;15;250
"2020-01-29";"03:00";34.35;54.25;15;250
"2020-01-29";"03:00";38.01;54.75;15;250
"2020-01-29";"03:00";25.06;49.25;15.8;250
"2020-01-29";"03:00";26.03;49.75;15.8;250
"2020-01-29";"03:00";24.51;50.25;15.8;250
"2020-01-29";"03:00";21.21;50.75;15.8;250
"2020-01-29";"03:00";26.79;51.25;15.8;250
"2020-01-29";"03:00";27.77;51.75;15.8;250
"2020-01-29";"03:00";29.1;52.25;15.8;250
"2020-01-29";"03:00";30.17;52.75;15.8;250
"2020-01-29";"03:00";31.8;53.25;15.8;250
"2020-01-29";"03:00";32.09;53.75;15.8;250
"2020-01-29";"03:00";34.68;54.25;15.8;250
"2020-01-29";"03:00";38.1;54.75;15.8;250
"2020-01-29";"03:00";25.6;49.25;16.6;250
"2020-01-29";"03:00";26.51;49.75;16.6;250
"2020-01-29";"03:00";26.32;50.25;16.6;250
"2020-01-29";"03:00";24.74;50.75;16.6;250
"2020-01-29";"03:00";27.38;51.25;16.6;250
"2020-01-29";"03:00";28;51.75;16.6;250
"2020-01-29";"03:00";29.49;52.25;16.6;250
"2020-01-29";"03:00";29.32;52.75;16.6;250
"2020-01-29";"03:00";30.38;53.25;16.6;250
"2020-01-29";"03:00";31.31;53.75;16.6;250
"2020-01-29";"03:00";34;54.25;16.6;250
"2020-01-29";"03:00";38.65;54.75;16.6;250
"2020-01-29";"03:00";25.78;49.25;17.4;250
"2020-01-29";"03:00";26.72;49.75;17.4;250
"2020-01-29";"03:00";21.62;50.25;17.4;250
"2020-01-29";"03:00";26.35;50.75;17.4;250
"2020-01-29";"03:00";27.17;51.25;17.4;250
"2020-01-29";"03:00";28.16;51.75;17.4;250
"2020-01-29";"03:00";29.58;52.25;17.4;250
"2020-01-29";"03:00";29.54;52.75;17.4;250
"2020-01-29";"03:00";29.93;53.25;17.4;250
"2020-01-29";"03:00";31.08;53.75;17.4;250
"2020-01-29";"03:00";34.53;54.25;17.4;250
"2020-01-29";"03:00";38.09;54.75;17.4;250
"2020-01-29";"03:00";25.37;49.25;18.2;250
"2020-01-29";"03:00";25.49;49.75;18.2;250
"2020-01-29";"03:00";25.78;50.25;18.2;250
"2020-01-29";"03:00";28.37;50.75;18.2;250
"2020-01-29";"03:00";27.53;51.25;18.2;250
"2020-01-29";"03:00";28.69;51.75;18.2;250
"2020-01-29";"03:00";29.37;52.25;18.2;250
"2020-01-29";"03:00";30.06;52.75;18.2;250
"2020-01-29";"03:00";30.62;53.25;18.2;250
"2020-01-29";"03:00";31.35;53.75;18.2;250
"2020-01-29";"03:00";35.02;54.25;18.2;250
"2020-01-29";"03:00";37.97;54.75;18.2;250
"2020-01-29";"03:00";22.93;49.25;19;250
"2020-01-29";"03:00";28.91;49.75;19;250
"2020-01-29";"03:00";27.44;50.25;19;250
"2020-01-29";"03:00";27.08;50.75;19;250
"2020-01-29";"03:00";28.29;51.25;19;250
"2020-01-29";"03:00";28.59;51.75;19;250
"2020-01-29";"03:00";29.61;52.25;19;250
"2020-01-29";"03:00";30.26;52.75;19;250
"2020-01-29";"03:00";30.64;53.25;19;250
"2020-01-29";"03:00";31.26;53.75;19;250
"2020-01-29";"03:00";34.79;54.25;19;250
"2020-01-29";"03:00";37.84;54.75;19;250
"2020-01-29";"03:00";14.83;49.25;19.8;250
"2020-01-29";"03:00";27.4;49.75;19.8;250
"2020-01-29";"03:00";29.55;50.25;19.8;250
"2020-01-29";"03:00";27.59;50.75;19.8;250
"2020-01-29";"03:00";28.15;51.25;19.8;250
"2020-01-29";"03:00";27.88;51.75;19.8;250
"2020-01-29";"03:00";29.72;52.25;19.8;250
"2020-01-29";"03:00";29.85;52.75;19.8;250
"2020-01-29";"03:00";30.1;53.25;19.8;250
"2020-01-29";"03:00";31.2;53.75;19.8;250
"2020-01-29";"03:00";33.58;54.25;19.8;250
"2020-01-29";"03:00";38.19;54.75;19.8;250
"2020-01-29";"03:00";20.99;49.25;20.6;250
"2020-01-29";"03:00";22.53;49.75;20.6;250
"2020-01-29";"03:00";27.76;50.25;20.6;250
"2020-01-29";"03:00";26.7;50.75;20.6;250
"2020-01-29";"03:00";28.59;51.25;20.6;250
"2020-01-29";"03:00";28.38;51.75;20.6;250
"2020-01-29";"03:00";29.5;52.25;20.6;250
"2020-01-29";"03:00";29.58;52.75;20.6;250
"2020-01-29";"03:00";29.83;53.25;20.6;250
"2020-01-29";"03:00";30.71;53.75;20.6;250
"2020-01-29";"03:00";33.3;54.25;20.6;250
"2020-01-29";"03:00";38.34;54.75;20.6;250
"2020-01-29";"03:00";19.87;49.25;21.4;250
"2020-01-29";"03:00";21.34;49.75;21.4;250
"2020-01-29";"03:00";28.21;50.25;21.4;250
"2020-01-29";"03:00";27.81;50.75;21.4;250
"2020-01-29";"03:00";28.16;51.25;21.4;250
"2020-01-29";"03:00";28.5;51.75;21.4;250
"2020-01-29";"03:00";29.03;52.25;21.4;250
"2020-01-29";"03:00";29.34;52.75;21.4;250
"2020-01-29";"03:00";29.48;53.25;21.4;250
"2020-01-29";"03:00";30.33;53.75;21.4;250
"2020-01-29";"03:00";31.87;54.25;21.4;250
"2020-01-29";"03:00";38.11;54.75;21.4;250
"2020-01-29";"03:00";31.08;49.25;22.2;250
"2020-01-29";"03:00";23;49.75;22.2;250
"2020-01-29";"03:00";27.58;50.25;22.2;250
"2020-01-29";"03:00";26.07;50.75;22.2;250
"2020-01-29";"03:00";27.53;51.25;22.2;250
"2020-01-29";"03:00";26.12;51.75;22.2;250
"2020-01-29";"03:00";28.47;52.25;22.2;250
"2020-01-29";"03:00";25.86;52.75;22.2;250
"2020-01-29";"03:00";28.78;53.25;22.2;250
"2020-01-29";"03:00";28.31;53.75;22.2;250
"2020-01-29";"03:00";20.46;54.25;22.2;250
"2020-01-29";"03:00";37.88;54.75;22.2;250
"2020-01-29";"03:00";31.06;49.25;23;250
"2020-01-29";"03:00";26.18;49.75;23;250
"2020-01-29";"03:00";25.67;50.25;23;250
"2020-01-29";"03:00";26.33;50.75;23;250
"2020-01-29";"03:00";27.84;51.25;23;250
"2020-01-29";"03:00";27.41;51.75;23;250
"2020-01-29";"03:00";20.85;52.25;23;250
"2020-01-29";"03:00";28.58;52.75;23;250
"2020-01-29";"03:00";28.5;53.25;23;250
"2020-01-29";"03:00";30.12;53.75;23;250
"2020-01-29";"03:00";33.57;54.25;23;250
"2020-01-29";"03:00";37.47;54.75;23;250
"2020-01-29";"03:00";24.5;49.25;14.2;750
"2020-01-29";"03:00";22.11;49.75;14.2;750
"2020-01-29";"03:00";21.93;50.25;14.2;750
"2020-01-29";"03:00";19.16;50.75;14.2;750
"2020-01-29";"03:00";18.33;51.25;14.2;750
"2020-01-29";"03:00";16.6;51.75;14.2;750
"2020-01-29";"03:00";20.64;52.25;14.2;750
"2020-01-29";"03:00";14.29;52.75;14.2;750
"2020-01-29";"03:00";12.66;53.25;14.2;750
"2020-01-29";"03:00";13.56;53.75;14.2;750
"2020-01-29";"03:00";11.93;54.25;14.2;750
"2020-01-29";"03:00";27.05;54.75;14.2;750
"2020-01-29";"03:00";23.59;49.25;15;750
"2020-01-29";"03:00";21.03;49.75;15;750
"2020-01-29";"03:00";23.12;50.25;15;750
"2020-01-29";"03:00";23.06;50.75;15;750
"2020-01-29";"03:00";20.44;51.25;15;750
"2020-01-29";"03:00";17.25;51.75;15;750
"2020-01-29";"03:00";21.78;52.25;15;750
"2020-01-29";"03:00";13.66;52.75;15;750
"2020-01-29";"03:00";13.84;53.25;15;750
"2020-01-29";"03:00";14.07;53.75;15;750
"2020-01-29";"03:00";14.3;54.25;15;750
"2020-01-29";"03:00";28.61;54.75;15;750
"2020-01-29";"03:00";22.61;49.25;15.8;750
"2020-01-29";"03:00";23.16;49.75;15.8;750
"2020-01-29";"03:00";23.87;50.25;15.8;750
"2020-01-29";"03:00";16.69;50.75;15.8;750
"2020-01-29";"03:00";17.14;51.25;15.8;750
"2020-01-29";"03:00";16.65;51.75;15.8;750
"2020-01-29";"03:00";21.18;52.25;15.8;750
"2020-01-29";"03:00";12.27;52.75;15.8;750
"2020-01-29";"03:00";14.75;53.25;15.8;750
"2020-01-29";"03:00";15.64;53.75;15.8;750
"2020-01-29";"03:00";22.69;54.25;15.8;750
"2020-01-29";"03:00";29.22;54.75;15.8;750
"2020-01-29";"03:00";22.07;49.25;16.6;750
"2020-01-29";"03:00";23.6;49.75;16.6;750
"2020-01-29";"03:00";19.57;50.25;16.6;750
"2020-01-29";"03:00";16.6;50.75;16.6;750
"2020-01-29";"03:00";17.41;51.25;16.6;750
"2020-01-29";"03:00";15.1;51.75;16.6;750
"2020-01-29";"03:00";22.06;52.25;16.6;750
"2020-01-29";"03:00";12.66;52.75;16.6;750
"2020-01-29";"03:00";15.16;53.25;16.6;750
"2020-01-29";"03:00";17.4;53.75;16.6;750
"2020-01-29";"03:00";28.69;54.25;16.6;750
"2020-01-29";"03:00";30.79;54.75;16.6;750
"2020-01-29";"03:00";22.97;49.25;17.4;750
"2020-01-29";"03:00";23.28;49.75;17.4;750
"2020-01-29";"03:00";18.99;50.25;17.4;750
"2020-01-29";"03:00";20.66;50.75;17.4;750
"2020-01-29";"03:00";18.81;51.25;17.4;750
"2020-01-29";"03:00";16.86;51.75;17.4;750
"2020-01-29";"03:00";20.1;52.25;17.4;750
"2020-01-29";"03:00";14.35;52.75;17.4;750
"2020-01-29";"03:00";16.58;53.25;17.4;750
"2020-01-29";"03:00";16.44;53.75;17.4;750
"2020-01-29";"03:00";29.5;54.25;17.4;750
"2020-01-29";"03:00";32.7;54.75;17.4;750
"2020-01-29";"03:00";23.67;49.25;18.2;750
"2020-01-29";"03:00";22.18;49.75;18.2;750
"2020-01-29";"03:00";22.48;50.25;18.2;750
"2020-01-29";"03:00";22.69;50.75;18.2;750
"2020-01-29";"03:00";17.93;51.25;18.2;750
"2020-01-29";"03:00";19.46;51.75;18.2;750
"2020-01-29";"03:00";18.48;52.25;18.2;750
"2020-01-29";"03:00";15.7;52.75;18.2;750
"2020-01-29";"03:00";17.11;53.25;18.2;750
"2020-01-29";"03:00";19.12;53.75;18.2;750
"2020-01-29";"03:00";28.02;54.25;18.2;750
"2020-01-29";"03:00";33.59;54.75;18.2;750
"2020-01-29";"03:00";17.88;49.25;19;750
"2020-01-29";"03:00";22.79;49.75;19;750
"2020-01-29";"03:00";23.58;50.25;19;750
"2020-01-29";"03:00";23.18;50.75;19;750
"2020-01-29";"03:00";18.01;51.25;19;750
"2020-01-29";"03:00";22.12;51.75;19;750
"2020-01-29";"03:00";16.18;52.25;19;750
"2020-01-29";"03:00";17.75;52.75;19;750
"2020-01-29";"03:00";16.77;53.25;19;750
"2020-01-29";"03:00";22.9;53.75;19;750
"2020-01-29";"03:00";28.07;54.25;19;750
"2020-01-29";"03:00";36.81;54.75;19;750
"2020-01-29";"03:00";11.61;49.25;19.8;750
"2020-01-29";"03:00";22.79;49.75;19.8;750
"2020-01-29";"03:00";22.84;50.25;19.8;750
"2020-01-29";"03:00";24.12;50.75;19.8;750
"2020-01-29";"03:00";18.25;51.25;19.8;750
"2020-01-29";"03:00";22.23;51.75;19.8;750
"2020-01-29";"03:00";14.73;52.25;19.8;750
"2020-01-29";"03:00";19.85;52.75;19.8;750
"2020-01-29";"03:00";18.99;53.25;19.8;750
"2020-01-29";"03:00";24.52;53.75;19.8;750
"2020-01-29";"03:00";30.35;54.25;19.8;750
"2020-01-29";"03:00";37.2;54.75;19.8;750
"2020-01-29";"03:00";16.33;49.25;20.6;750
"2020-01-29";"03:00";21.33;49.75;20.6;750
"2020-01-29";"03:00";22.15;50.25;20.6;750
"2020-01-29";"03:00";23.59;50.75;20.6;750
"2020-01-29";"03:00";20.45;51.25;20.6;750
"2020-01-29";"03:00";23.65;51.75;20.6;750
"2020-01-29";"03:00";14.3;52.25;20.6;750
"2020-01-29";"03:00";20.54;52.75;20.6;750
"2020-01-29";"03:00";19.22;53.25;20.6;750
"2020-01-29";"03:00";24.95;53.75;20.6;750
"2020-01-29";"03:00";33.89;54.25;20.6;750
"2020-01-29";"03:00";38.95;54.75;20.6;750
"2020-01-29";"03:00";21.2;49.25;21.4;750
"2020-01-29";"03:00";22.96;49.75;21.4;750
"2020-01-29";"03:00";23.57;50.25;21.4;750
"2020-01-29";"03:00";16.71;50.75;21.4;750
"2020-01-29";"03:00";18.51;51.25;21.4;750
"2020-01-29";"03:00";22.02;51.75;21.4;750
"2020-01-29";"03:00";15.94;52.25;21.4;750
"2020-01-29";"03:00";21.21;52.75;21.4;750
"2020-01-29";"03:00";19.87;53.25;21.4;750
"2020-01-29";"03:00";27.64;53.75;21.4;750
"2020-01-29";"03:00";31.69;54.25;21.4;750
"2020-01-29";"03:00";38.26;54.75;21.4;750
"2020-01-29";"03:00";23.44;49.25;22.2;750
"2020-01-29";"03:00";23.63;49.75;22.2;750
"2020-01-29";"03:00";22.63;50.25;22.2;750
"2020-01-29";"03:00";21.07;50.75;22.2;750
"2020-01-29";"03:00";19.78;51.25;22.2;750
"2020-01-29";"03:00";15.99;51.75;22.2;750
"2020-01-29";"03:00";19.45;52.25;22.2;750
"2020-01-29";"03:00";16.99;52.75;22.2;750
"2020-01-29";"03:00";22.27;53.25;22.2;750
"2020-01-29";"03:00";28.78;53.75;22.2;750
"2020-01-29";"03:00";7.1;54.25;22.2;750
"2020-01-29";"03:00";35.85;54.75;22.2;750
"2020-01-29";"03:00";24.72;49.25;23;750
"2020-01-29";"03:00";22.9;49.75;23;750
"2020-01-29";"03:00";20.96;50.25;23;750
"2020-01-29";"03:00";18.78;50.75;23;750
"2020-01-29";"03:00";19.76;51.25;23;750
"2020-01-29";"03:00";19.2;51.75;23;750
"2020-01-29";"03:00";9.47;52.25;23;750
"2020-01-29";"03:00";20.24;52.75;23;750
"2020-01-29";"03:00";24.4;53.25;23;750
"2020-01-29";"03:00";31.69;53.75;23;750
"2020-01-29";"03:00";32.79;54.25;23;750
"2020-01-29";"03:00";34.05;54.75;23;750
"2020-01-29";"03:00";10.29;49.25;14.2;1250
"2020-01-29";"03:00";10.07;49.75;14.2;1250
"2020-01-29";"03:00";10.36;50.25;14.2;1250
"2020-01-29";"03:00";12.92;50.75;14.2;1250
"2020-01-29";"03:00";7.15;51.25;14.2;1250
"2020-01-29";"03:00";5.56;51.75;14.2;1250
"2020-01-29";"03:00";7.33;52.25;14.2;1250
"2020-01-29";"03:00";14.71;52.75;14.2;1250
"2020-01-29";"03:00";16.87;53.25;14.2;1250
"2020-01-29";"03:00";12.31;53.75;14.2;1250
"2020-01-29";"03:00";10.58;54.25;14.2;1250
"2020-01-29";"03:00";13.97;54.75;14.2;1250
"2020-01-29";"03:00";11.23;49.25;15;1250
"2020-01-29";"03:00";10.51;49.75;15;1250
"2020-01-29";"03:00";11.29;50.25;15;1250
"2020-01-29";"03:00";12.36;50.75;15;1250
"2020-01-29";"03:00";7.22;51.25;15;1250
"2020-01-29";"03:00";4.85;51.75;15;1250
"2020-01-29";"03:00";9.73;52.25;15;1250
"2020-01-29";"03:00";15.98;52.75;15;1250
"2020-01-29";"03:00";16.76;53.25;15;1250
"2020-01-29";"03:00";11.09;53.75;15;1250
"2020-01-29";"03:00";12.45;54.25;15;1250
"2020-01-29";"03:00";21.07;54.75;15;1250
"2020-01-29";"03:00";11.77;49.25;15.8;1250
"2020-01-29";"03:00";10.59;49.75;15.8;1250
"2020-01-29";"03:00";12.01;50.25;15.8;1250
"2020-01-29";"03:00";9.63;50.75;15.8;1250
"2020-01-29";"03:00";5.69;51.25;15.8;1250
"2020-01-29";"03:00";5;51.75;15.8;1250
"2020-01-29";"03:00";9.27;52.25;15.8;1250
"2020-01-29";"03:00";18.59;52.75;15.8;1250
"2020-01-29";"03:00";17.08;53.25;15.8;1250
"2020-01-29";"03:00";9.06;53.75;15.8;1250
"2020-01-29";"03:00";15.2;54.25;15.8;1250
"2020-01-29";"03:00";28.59;54.75;15.8;1250
"2020-01-29";"03:00";11.56;49.25;16.6;1250
"2020-01-29";"03:00";11.42;49.75;16.6;1250
"2020-01-29";"03:00";13.51;50.25;16.6;1250
"2020-01-29";"03:00";9.53;50.75;16.6;1250
"2020-01-29";"03:00";6.73;51.25;16.6;1250
"2020-01-29";"03:00";5.99;51.75;16.6;1250
"2020-01-29";"03:00";8.59;52.25;16.6;1250
"2020-01-29";"03:00";20.79;52.75;16.6;1250
"2020-01-29";"03:00";16.16;53.25;16.6;1250
"2020-01-29";"03:00";8.62;53.75;16.6;1250
"2020-01-29";"03:00";17.61;54.25;16.6;1250
"2020-01-29";"03:00";32.51;54.75;16.6;1250
"2020-01-29";"03:00";12.12;49.25;17.4;1250
"2020-01-29";"03:00";11.3;49.75;17.4;1250
"2020-01-29";"03:00";11.83;50.25;17.4;1250
"2020-01-29";"03:00";8.17;50.75;17.4;1250
"2020-01-29";"03:00";6.41;51.25;17.4;1250
"2020-01-29";"03:00";7.63;51.75;17.4;1250
"2020-01-29";"03:00";12.69;52.25;17.4;1250
"2020-01-29";"03:00";19.86;52.75;17.4;1250
"2020-01-29";"03:00";13.3;53.25;17.4;1250
"2020-01-29";"03:00";11.12;53.75;17.4;1250
"2020-01-29";"03:00";21.11;54.25;17.4;1250
"2020-01-29";"03:00";35.08;54.75;17.4;1250
"2020-01-29";"03:00";14.05;49.25;18.2;1250
"2020-01-29";"03:00";13.6;49.75;18.2;1250
"2020-01-29";"03:00";11.41;50.25;18.2;1250
"2020-01-29";"03:00";8.54;50.75;18.2;1250
"2020-01-29";"03:00";6.42;51.25;18.2;1250
"2020-01-29";"03:00";7.71;51.75;18.2;1250
"2020-01-29";"03:00";16.42;52.25;18.2;1250
"2020-01-29";"03:00";18.31;52.75;18.2;1250
"2020-01-29";"03:00";9.04;53.25;18.2;1250
"2020-01-29";"03:00";17.54;53.75;18.2;1250
"2020-01-29";"03:00";26.98;54.25;18.2;1250
"2020-01-29";"03:00";37.37;54.75;18.2;1250
"2020-01-29";"03:00";15.26;49.25;19;1250
"2020-01-29";"03:00";12.8;49.75;19;1250
"2020-01-29";"03:00";9.69;50.25;19;1250
"2020-01-29";"03:00";7.64;50.75;19;1250
"2020-01-29";"03:00";6.44;51.25;19;1250
"2020-01-29";"03:00";9.27;51.75;19;1250
"2020-01-29";"03:00";16.56;52.25;19;1250
"2020-01-29";"03:00";19.39;52.75;19;1250
"2020-01-29";"03:00";9.81;53.25;19;1250
"2020-01-29";"03:00";20.3;53.75;19;1250
"2020-01-29";"03:00";32.72;54.25;19;1250
"2020-01-29";"03:00";36.42;54.75;19;1250
"2020-01-29";"03:00";9.03;49.25;19.8;1250
"2020-01-29";"03:00";11.87;49.75;19.8;1250
"2020-01-29";"03:00";7.15;50.25;19.8;1250
"2020-01-29";"03:00";7.61;50.75;19.8;1250
"2020-01-29";"03:00";6.37;51.25;19.8;1250
"2020-01-29";"03:00";10.24;51.75;19.8;1250
"2020-01-29";"03:00";17.48;52.25;19.8;1250
"2020-01-29";"03:00";18.34;52.75;19.8;1250
"2020-01-29";"03:00";11.38;53.25;19.8;1250
"2020-01-29";"03:00";20.41;53.75;19.8;1250
"2020-01-29";"03:00";34.75;54.25;19.8;1250
"2020-01-29";"03:00";39.78;54.75;19.8;1250
"2020-01-29";"03:00";14.59;49.25;20.6;1250
"2020-01-29";"03:00";11.18;49.75;20.6;1250
"2020-01-29";"03:00";9.38;50.25;20.6;1250
"2020-01-29";"03:00";7.13;50.75;20.6;1250
"2020-01-29";"03:00";7.58;51.25;20.6;1250
"2020-01-29";"03:00";10.98;51.75;20.6;1250
"2020-01-29";"03:00";21.31;52.25;20.6;1250
"2020-01-29";"03:00";19.77;52.75;20.6;1250
"2020-01-29";"03:00";13.01;53.25;20.6;1250
"2020-01-29";"03:00";26.58;53.75;20.6;1250
"2020-01-29";"03:00";34.98;54.25;20.6;1250
"2020-01-29";"03:00";42.15;54.75;20.6;1250
"2020-01-29";"03:00";13.99;49.25;21.4;1250
"2020-01-29";"03:00";11.65;49.75;21.4;1250
"2020-01-29";"03:00";9.48;50.25;21.4;1250
"2020-01-29";"03:00";5.76;50.75;21.4;1250
"2020-01-29";"03:00";8.65;51.25;21.4;1250
"2020-01-29";"03:00";10.46;51.75;21.4;1250
"2020-01-29";"03:00";24.08;52.25;21.4;1250
"2020-01-29";"03:00";19.19;52.75;21.4;1250
"2020-01-29";"03:00";14.68;53.25;21.4;1250
"2020-01-29";"03:00";29.8;53.75;21.4;1250
"2020-01-29";"03:00";34.32;54.25;21.4;1250
"2020-01-29";"03:00";39.02;54.75;21.4;1250
"2020-01-29";"03:00";13.17;49.25;22.2;1250
"2020-01-29";"03:00";11.86;49.75;22.2;1250
"2020-01-29";"03:00";9.69;50.25;22.2;1250
"2020-01-29";"03:00";7.08;50.75;22.2;1250
"2020-01-29";"03:00";10.27;51.25;22.2;1250
"2020-01-29";"03:00";11.71;51.75;22.2;1250
"2020-01-29";"03:00";28.78;52.25;22.2;1250
"2020-01-29";"03:00";14.7;52.75;22.2;1250
"2020-01-29";"03:00";16.4;53.25;22.2;1250
"2020-01-29";"03:00";27.58;53.75;22.2;1250
"2020-01-29";"03:00";8.67;54.25;22.2;1250
"2020-01-29";"03:00";36.67;54.75;22.2;1250
"2020-01-29";"03:00";12.23;49.25;23;1250
"2020-01-29";"03:00";11.97;49.75;23;1250
"2020-01-29";"03:00";6.94;50.25;23;1250
"2020-01-29";"03:00";5.81;50.75;23;1250
"2020-01-29";"03:00";10.79;51.25;23;1250
"2020-01-29";"03:00";17.37;51.75;23;1250
"2020-01-29";"03:00";14.17;52.25;23;1250
"2020-01-29";"03:00";11.48;52.75;23;1250
"2020-01-29";"03:00";18.15;53.25;23;1250
"2020-01-29";"03:00";29.69;53.75;23;1250
"2020-01-29";"03:00";28.74;54.25;23;1250
"2020-01-29";"03:00";34.13;54.75;23;1250
"2020-01-29";"03:00";3.95;49.25;14.2;1750
"2020-01-29";"03:00";3.2;49.75;14.2;1750
"2020-01-29";"03:00";3.53;50.25;14.2;1750
"2020-01-29";"03:00";4.28;50.75;14.2;1750
"2020-01-29";"03:00";4.1;51.25;14.2;1750
"2020-01-29";"03:00";2.69;51.75;14.2;1750
"2020-01-29";"03:00";7.68;52.25;14.2;1750
"2020-01-29";"03:00";22.41;52.75;14.2;1750
"2020-01-29";"03:00";10.07;53.25;14.2;1750
"2020-01-29";"03:00";11.92;53.75;14.2;1750
"2020-01-29";"03:00";26.78;54.25;14.2;1750
"2020-01-29";"03:00";29.96;54.75;14.2;1750
"2020-01-29";"03:00";3.21;49.25;15;1750
"2020-01-29";"03:00";3.78;49.75;15;1750
"2020-01-29";"03:00";4.12;50.25;15;1750
"2020-01-29";"03:00";4.65;50.75;15;1750
"2020-01-29";"03:00";3.84;51.25;15;1750
"2020-01-29";"03:00";1.66;51.75;15;1750
"2020-01-29";"03:00";11.5;52.25;15;1750
"2020-01-29";"03:00";23.46;52.75;15;1750
"2020-01-29";"03:00";11.55;53.25;15;1750
"2020-01-29";"03:00";11.13;53.75;15;1750
"2020-01-29";"03:00";26.89;54.25;15;1750
"2020-01-29";"03:00";34.49;54.75;15;1750
"2020-01-29";"03:00";3.31;49.25;15.8;1750
"2020-01-29";"03:00";4.52;49.75;15.8;1750
"2020-01-29";"03:00";4.9;50.25;15.8;1750
"2020-01-29";"03:00";5.2;50.75;15.8;1750
"2020-01-29";"03:00";3.52;51.25;15.8;1750
"2020-01-29";"03:00";1.48;51.75;15.8;1750
"2020-01-29";"03:00";13.74;52.25;15.8;1750
"2020-01-29";"03:00";21.09;52.75;15.8;1750
"2020-01-29";"03:00";11.38;53.25;15.8;1750
"2020-01-29";"03:00";13.19;53.75;15.8;1750
"2020-01-29";"03:00";29.1;54.25;15.8;1750
"2020-01-29";"03:00";35.15;54.75;15.8;1750
"2020-01-29";"03:00";4.24;49.25;16.6;1750
"2020-01-29";"03:00";5.1;49.75;16.6;1750
"2020-01-29";"03:00";5.31;50.25;16.6;1750
"2020-01-29";"03:00";4.62;50.75;16.6;1750
"2020-01-29";"03:00";2.7;51.25;16.6;1750
"2020-01-29";"03:00";1.9;51.75;16.6;1750
"2020-01-29";"03:00";19.48;52.25;16.6;1750
"2020-01-29";"03:00";17.92;52.75;16.6;1750
"2020-01-29";"03:00";11.7;53.25;16.6;1750
"2020-01-29";"03:00";19.86;53.75;16.6;1750
"2020-01-29";"03:00";31.25;54.25;16.6;1750
"2020-01-29";"03:00";33.89;54.75;16.6;1750
"2020-01-29";"03:00";5.15;49.25;17.4;1750
"2020-01-29";"03:00";5.95;49.75;17.4;1750
"2020-01-29";"03:00";5.4;50.25;17.4;1750
"2020-01-29";"03:00";3.94;50.75;17.4;1750
"2020-01-29";"03:00";1.72;51.25;17.4;1750
"2020-01-29";"03:00";3.75;51.75;17.4;1750
"2020-01-29";"03:00";23.02;52.25;17.4;1750
"2020-01-29";"03:00";15.95;52.75;17.4;1750
"2020-01-29";"03:00";11.64;53.25;17.4;1750
"2020-01-29";"03:00";25.11;53.75;17.4;1750
"2020-01-29";"03:00";30.59;54.25;17.4;1750
"2020-01-29";"03:00";31.47;54.75;17.4;1750
"2020-01-29";"03:00";5.64;49.25;18.2;1750
"2020-01-29";"03:00";6.27;49.75;18.2;1750
"2020-01-29";"03:00";5.15;50.25;18.2;1750
"2020-01-29";"03:00";3.35;50.75;18.2;1750
"2020-01-29";"03:00";1.37;51.25;18.2;1750
"2020-01-29";"03:00";7.81;51.75;18.2;1750
"2020-01-29";"03:00";21.88;52.25;18.2;1750
"2020-01-29";"03:00";16.26;52.75;18.2;1750
"2020-01-29";"03:00";15.84;53.25;18.2;1750
"2020-01-29";"03:00";29.54;53.75;18.2;1750
"2020-01-29";"03:00";29.05;54.25;18.2;1750
"2020-01-29";"03:00";28.57;54.75;18.2;1750
"2020-01-29";"03:00";6.17;49.25;19;1750
"2020-01-29";"03:00";6.58;49.75;19;1750
"2020-01-29";"03:00";4.72;50.25;19;1750
"2020-01-29";"03:00";2.72;50.75;19;1750
"2020-01-29";"03:00";2.29;51.25;19;1750
"2020-01-29";"03:00";11.74;51.75;19;1750
"2020-01-29";"03:00";22.8;52.25;19;1750
"2020-01-29";"03:00";15.66;52.75;19;1750
"2020-01-29";"03:00";18.08;53.25;19;1750
"2020-01-29";"03:00";27.96;53.75;19;1750
"2020-01-29";"03:00";28.05;54.25;19;1750
"2020-01-29";"03:00";27.29;54.75;19;1750
"2020-01-29";"03:00";8.05;49.25;19.8;1750
"2020-01-29";"03:00";6.53;49.75;19.8;1750
"2020-01-29";"03:00";4.08;50.25;19.8;1750
"2020-01-29";"03:00";2.22;50.75;19.8;1750
"2020-01-29";"03:00";4.15;51.25;19.8;1750
"2020-01-29";"03:00";13.87;51.75;19.8;1750
"2020-01-29";"03:00";24.11;52.25;19.8;1750
"2020-01-29";"03:00";15.05;52.75;19.8;1750
"2020-01-29";"03:00";20.9;53.25;19.8;1750
"2020-01-29";"03:00";28.6;53.75;19.8;1750
"2020-01-29";"03:00";28.05;54.25;19.8;1750
"2020-01-29";"03:00";28.94;54.75;19.8;1750
"2020-01-29";"03:00";8.1;49.25;20.6;1750
"2020-01-29";"03:00";6.25;49.75;20.6;1750
"2020-01-29";"03:00";4.61;50.25;20.6;1750
"2020-01-29";"03:00";2.11;50.75;20.6;1750
"2020-01-29";"03:00";5.64;51.25;20.6;1750
"2020-01-29";"03:00";15.75;51.75;20.6;1750
"2020-01-29";"03:00";23.99;52.25;20.6;1750
"2020-01-29";"03:00";16.72;52.75;20.6;1750
"2020-01-29";"03:00";23.4;53.25;20.6;1750
"2020-01-29";"03:00";28.46;53.75;20.6;1750
"2020-01-29";"03:00";27.88;54.25;20.6;1750
"2020-01-29";"03:00";30.62;54.75;20.6;1750
"2020-01-29";"03:00";8.45;49.25;21.4;1750
"2020-01-29";"03:00";5.74;49.75;21.4;1750
"2020-01-29";"03:00";4.1;50.25;21.4;1750
"2020-01-29";"03:00";2.61;50.75;21.4;1750
"2020-01-29";"03:00";6.99;51.25;21.4;1750
"2020-01-29";"03:00";15.35;51.75;21.4;1750
"2020-01-29";"03:00";22.53;52.25;21.4;1750
"2020-01-29";"03:00";17.13;52.75;21.4;1750
"2020-01-29";"03:00";25.55;53.25;21.4;1750
"2020-01-29";"03:00";26.72;53.75;21.4;1750
"2020-01-29";"03:00";26.22;54.25;21.4;1750
"2020-01-29";"03:00";31.03;54.75;21.4;1750
"2020-01-29";"03:00";6.2;49.25;22.2;1750
"2020-01-29";"03:00";5.04;49.75;22.2;1750
"2020-01-29";"03:00";2.81;50.25;22.2;1750
"2020-01-29";"03:00";2.66;50.75;22.2;1750
"2020-01-29";"03:00";9.14;51.25;22.2;1750
"2020-01-29";"03:00";18.6;51.75;22.2;1750
"2020-01-29";"03:00";19.61;52.25;22.2;1750
"2020-01-29";"03:00";15.36;52.75;22.2;1750
"2020-01-29";"03:00";25.21;53.25;22.2;1750
"2020-01-29";"03:00";24.9;53.75;22.2;1750
"2020-01-29";"03:00";13.99;54.25;22.2;1750
"2020-01-29";"03:00";29.8;54.75;22.2;1750
"2020-01-29";"03:00";5.27;49.25;23;1750
"2020-01-29";"03:00";4.77;49.75;23;1750
"2020-01-29";"03:00";2.01;50.25;23;1750
"2020-01-29";"03:00";3.37;50.75;23;1750
"2020-01-29";"03:00";10.49;51.25;23;1750
"2020-01-29";"03:00";21.45;51.75;23;1750
"2020-01-29";"03:00";6.78;52.25;23;1750
"2020-01-29";"03:00";17.72;52.75;23;1750
"2020-01-29";"03:00";24.85;53.25;23;1750
"2020-01-29";"03:00";26.57;53.75;23;1750
"2020-01-29";"03:00";17.74;54.25;23;1750
"2020-01-29";"03:00";27.81;54.75;23;1750
"2020-01-29";"03:00";2.2;49.25;14.2;2250
"2020-01-29";"03:00";2.04;49.75;14.2;2250
"2020-01-29";"03:00";2.12;50.25;14.2;2250
"2020-01-29";"03:00";3.69;50.75;14.2;2250
"2020-01-29";"03:00";3.81;51.25;14.2;2250
"2020-01-29";"03:00";2.47;51.75;14.2;2250
"2020-01-29";"03:00";9.14;52.25;14.2;2250
"2020-01-29";"03:00";23.44;52.75;14.2;2250
"2020-01-29";"03:00";18.75;53.25;14.2;2250
"2020-01-29";"03:00";25.4;53.75;14.2;2250
"2020-01-29";"03:00";28.78;54.25;14.2;2250
"2020-01-29";"03:00";22.77;54.75;14.2;2250
"2020-01-29";"03:00";2.14;49.25;15;2250
"2020-01-29";"03:00";1.87;49.75;15;2250
"2020-01-29";"03:00";2.08;50.25;15;2250
"2020-01-29";"03:00";3.87;50.75;15;2250
"2020-01-29";"03:00";3.28;51.25;15;2250
"2020-01-29";"03:00";1.31;51.75;15;2250
"2020-01-29";"03:00";14.63;52.25;15;2250
"2020-01-29";"03:00";24.37;52.75;15;2250
"2020-01-29";"03:00";19.66;53.25;15;2250
"2020-01-29";"03:00";25.39;53.75;15;2250
"2020-01-29";"03:00";26.34;54.25;15;2250
"2020-01-29";"03:00";25.99;54.75;15;2250
"2020-01-29";"03:00";1.92;49.25;15.8;2250
"2020-01-29";"03:00";1.98;49.75;15.8;2250
"2020-01-29";"03:00";2.95;50.25;15.8;2250
"2020-01-29";"03:00";3.92;50.75;15.8;2250
"2020-01-29";"03:00";2.79;51.25;15.8;2250
"2020-01-29";"03:00";2.1;51.75;15.8;2250
"2020-01-29";"03:00";18.38;52.25;15.8;2250
"2020-01-29";"03:00";24.04;52.75;15.8;2250
"2020-01-29";"03:00";22.65;53.25;15.8;2250
"2020-01-29";"03:00";26.84;53.75;15.8;2250
"2020-01-29";"03:00";26.49;54.25;15.8;2250
"2020-01-29";"03:00";26.68;54.75;15.8;2250
"2020-01-29";"03:00";2.01;49.25;16.6;2250
"2020-01-29";"03:00";2.64;49.75;16.6;2250
"2020-01-29";"03:00";3.55;50.25;16.6;2250
"2020-01-29";"03:00";3.47;50.75;16.6;2250
"2020-01-29";"03:00";2.07;51.25;16.6;2250
"2020-01-29";"03:00";3.43;51.75;16.6;2250
"2020-01-29";"03:00";20.69;52.25;16.6;2250
"2020-01-29";"03:00";23.34;52.75;16.6;2250
"2020-01-29";"03:00";25.07;53.25;16.6;2250
"2020-01-29";"03:00";27.93;53.75;16.6;2250
"2020-01-29";"03:00";26.04;54.25;16.6;2250
"2020-01-29";"03:00";25.5;54.75;16.6;2250
"2020-01-29";"03:00";2.73;49.25;17.4;2250
"2020-01-29";"03:00";3.6;49.75;17.4;2250
"2020-01-29";"03:00";3.73;50.25;17.4;2250
"2020-01-29";"03:00";2.81;50.75;17.4;2250
"2020-01-29";"03:00";1.28;51.25;17.4;2250
"2020-01-29";"03:00";10.31;51.75;17.4;2250
"2020-01-29";"03:00";23.52;52.25;17.4;2250
"2020-01-29";"03:00";24.02;52.75;17.4;2250
"2020-01-29";"03:00";26.41;53.25;17.4;2250
"2020-01-29";"03:00";27.97;53.75;17.4;2250
"2020-01-29";"03:00";25.54;54.25;17.4;2250
"2020-01-29";"03:00";23.81;54.75;17.4;2250
"2020-01-29";"03:00";3.47;49.25;18.2;2250
"2020-01-29";"03:00";3.6;49.75;18.2;2250
"2020-01-29";"03:00";3.22;50.25;18.2;2250
"2020-01-29";"03:00";2.04;50.75;18.2;2250
"2020-01-29";"03:00";2.29;51.25;18.2;2250
"2020-01-29";"03:00";14.7;51.75;18.2;2250
"2020-01-29";"03:00";23.2;52.25;18.2;2250
"2020-01-29";"03:00";24.71;52.75;18.2;2250
"2020-01-29";"03:00";26.1;53.25;18.2;2250
"2020-01-29";"03:00";27.11;53.75;18.2;2250
"2020-01-29";"03:00";22.9;54.25;18.2;2250
"2020-01-29";"03:00";22.66;54.75;18.2;2250
"2020-01-29";"03:00";3.29;49.25;19;2250
"2020-01-29";"03:00";3.42;49.75;19;2250
"2020-01-29";"03:00";2.67;50.25;19;2250
"2020-01-29";"03:00";0.8;50.75;19;2250
"2020-01-29";"03:00";7.21;51.25;19;2250
"2020-01-29";"03:00";17.69;51.75;19;2250
"2020-01-29";"03:00";24.05;52.25;19;2250
"2020-01-29";"03:00";23.79;52.75;19;2250
"2020-01-29";"03:00";26.59;53.25;19;2250
"2020-01-29";"03:00";27.11;53.75;19;2250
"2020-01-29";"03:00";23.58;54.25;19;2250
"2020-01-29";"03:00";22.81;54.75;19;2250
"2020-01-29";"03:00";3.81;49.25;19.8;2250
"2020-01-29";"03:00";3.38;49.75;19.8;2250
"2020-01-29";"03:00";1.69;50.25;19.8;2250
"2020-01-29";"03:00";1.27;50.75;19.8;2250
"2020-01-29";"03:00";10.85;51.25;19.8;2250
"2020-01-29";"03:00";19.84;51.75;19.8;2250
"2020-01-29";"03:00";25.02;52.25;19.8;2250
"2020-01-29";"03:00";23.59;52.75;19.8;2250
"2020-01-29";"03:00";25.6;53.25;19.8;2250
"2020-01-29";"03:00";25.53;53.75;19.8;2250
"2020-01-29";"03:00";23.68;54.25;19.8;2250
"2020-01-29";"03:00";22.9;54.75;19.8;2250
"2020-01-29";"03:00";4.13;49.25;20.6;2250
"2020-01-29";"03:00";2.93;49.75;20.6;2250
"2020-01-29";"03:00";1.26;50.25;20.6;2250
"2020-01-29";"03:00";2.72;50.75;20.6;2250
"2020-01-29";"03:00";12.49;51.25;20.6;2250
"2020-01-29";"03:00";21.51;51.75;20.6;2250
"2020-01-29";"03:00";24.34;52.25;20.6;2250
"2020-01-29";"03:00";24.07;52.75;20.6;2250
"2020-01-29";"03:00";24.16;53.25;20.6;2250
"2020-01-29";"03:00";23.82;53.75;20.6;2250
"2020-01-29";"03:00";22.4;54.25;20.6;2250
"2020-01-29";"03:00";22.72;54.75;20.6;2250
"2020-01-29";"03:00";4.46;49.25;21.4;2250
"2020-01-29";"03:00";2.27;49.75;21.4;2250
"2020-01-29";"03:00";1.16;50.25;21.4;2250
"2020-01-29";"03:00";3.68;50.75;21.4;2250
"2020-01-29";"03:00";13.13;51.25;21.4;2250
"2020-01-29";"03:00";20.07;51.75;21.4;2250
"2020-01-29";"03:00";23.21;52.25;21.4;2250
"2020-01-29";"03:00";23.58;52.75;21.4;2250
"2020-01-29";"03:00";23.41;53.25;21.4;2250
"2020-01-29";"03:00";22.69;53.75;21.4;2250
"2020-01-29";"03:00";20.84;54.25;21.4;2250
"2020-01-29";"03:00";23.39;54.75;21.4;2250
"2020-01-29";"03:00";3.13;49.25;22.2;2250
"2020-01-29";"03:00";1.72;49.75;22.2;2250
"2020-01-29";"03:00";0.54;50.25;22.2;2250
"2020-01-29";"03:00";5.36;50.75;22.2;2250
"2020-01-29";"03:00";14.41;51.25;22.2;2250
"2020-01-29";"03:00";19.41;51.75;22.2;2250
"2020-01-29";"03:00";22.12;52.25;22.2;2250
"2020-01-29";"03:00";22.24;52.75;22.2;2250
"2020-01-29";"03:00";22.52;53.25;22.2;2250
"2020-01-29";"03:00";21.5;53.75;22.2;2250
"2020-01-29";"03:00";11.85;54.25;22.2;2250
"2020-01-29";"03:00";22.21;54.75;22.2;2250
"2020-01-29";"03:00";2.66;49.25;23;2250
"2020-01-29";"03:00";1.45;49.75;23;2250
"2020-01-29";"03:00";0.99;50.25;23;2250
"2020-01-29";"03:00";7.05;50.75;23;2250
"2020-01-29";"03:00";15.4;51.25;23;2250
"2020-01-29";"03:00";20.87;51.75;23;2250
"2020-01-29";"03:00";12.16;52.25;23;2250
"2020-01-29";"03:00";21.94;52.75;23;2250
"2020-01-29";"03:00";21.14;53.25;23;2250
"2020-01-29";"03:00";22.97;53.75;23;2250
"2020-01-29";"03:00";10.98;54.25;23;2250
"2020-01-29";"03:00";21.05;54.75;23;2250
"2020-01-29";"03:00";2.76;49.25;14.2;2750
"2020-01-29";"03:00";3.04;49.75;14.2;2750
"2020-01-29";"03:00";3.83;50.25;14.2;2750
"2020-01-29";"03:00";4.68;50.75;14.2;2750
"2020-01-29";"03:00";3.8;51.25;14.2;2750
"2020-01-29";"03:00";2.19;51.75;14.2;2750
"2020-01-29";"03:00";12.91;52.25;14.2;2750
"2020-01-29";"03:00";23.91;52.75;14.2;2750
"2020-01-29";"03:00";23.32;53.25;14.2;2750
"2020-01-29";"03:00";21.9;53.75;14.2;2750
"2020-01-29";"03:00";17.19;54.25;14.2;2750
"2020-01-29";"03:00";12.97;54.75;14.2;2750
"2020-01-29";"03:00";2.66;49.25;15;2750
"2020-01-29";"03:00";3.19;49.75;15;2750
"2020-01-29";"03:00";3.74;50.25;15;2750
"2020-01-29";"03:00";3.93;50.75;15;2750
"2020-01-29";"03:00";3.48;51.25;15;2750
"2020-01-29";"03:00";1.69;51.75;15;2750
"2020-01-29";"03:00";17.02;52.25;15;2750
"2020-01-29";"03:00";24.27;52.75;15;2750
"2020-01-29";"03:00";22.88;53.25;15;2750
"2020-01-29";"03:00";21.65;53.75;15;2750
"2020-01-29";"03:00";17.53;54.25;15;2750
"2020-01-29";"03:00";15.96;54.75;15;2750
"2020-01-29";"03:00";2.65;49.25;15.8;2750
"2020-01-29";"03:00";3.01;49.75;15.8;2750
"2020-01-29";"03:00";3.3;50.25;15.8;2750
"2020-01-29";"03:00";3.41;50.75;15.8;2750
"2020-01-29";"03:00";2.9;51.25;15.8;2750
"2020-01-29";"03:00";3.82;51.75;15.8;2750
"2020-01-29";"03:00";20.12;52.25;15.8;2750
"2020-01-29";"03:00";24.07;52.75;15.8;2750
"2020-01-29";"03:00";23.18;53.25;15.8;2750
"2020-01-29";"03:00";23.28;53.75;15.8;2750
"2020-01-29";"03:00";17.61;54.25;15.8;2750
"2020-01-29";"03:00";16.35;54.75;15.8;2750
"2020-01-29";"03:00";2.64;49.25;16.6;2750
"2020-01-29";"03:00";2.74;49.75;16.6;2750
"2020-01-29";"03:00";3.15;50.25;16.6;2750
"2020-01-29";"03:00";3.57;50.75;16.6;2750
"2020-01-29";"03:00";1.82;51.25;16.6;2750
"2020-01-29";"03:00";7.39;51.75;16.6;2750
"2020-01-29";"03:00";21.15;52.25;16.6;2750
"2020-01-29";"03:00";23.83;52.75;16.6;2750
"2020-01-29";"03:00";23.28;53.25;16.6;2750
"2020-01-29";"03:00";22.26;53.75;16.6;2750
"2020-01-29";"03:00";16.7;54.25;16.6;2750
"2020-01-29";"03:00";15.56;54.75;16.6;2750
"2020-01-29";"03:00";2.62;49.25;17.4;2750
"2020-01-29";"03:00";3.06;49.75;17.4;2750
"2020-01-29";"03:00";3.36;50.25;17.4;2750
"2020-01-29";"03:00";2.11;50.75;17.4;2750
"2020-01-29";"03:00";3.5;51.25;17.4;2750
"2020-01-29";"03:00";15.49;51.75;17.4;2750
"2020-01-29";"03:00";22;52.25;17.4;2750
"2020-01-29";"03:00";23.54;52.75;17.4;2750
"2020-01-29";"03:00";23.18;53.25;17.4;2750
"2020-01-29";"03:00";21.75;53.75;17.4;2750
"2020-01-29";"03:00";16.53;54.25;17.4;2750
"2020-01-29";"03:00";15.05;54.75;17.4;2750
"2020-01-29";"03:00";2.98;49.25;18.2;2750
"2020-01-29";"03:00";3.09;49.75;18.2;2750
"2020-01-29";"03:00";2.3;50.25;18.2;2750
"2020-01-29";"03:00";2.22;50.75;18.2;2750
"2020-01-29";"03:00";6.31;51.25;18.2;2750
"2020-01-29";"03:00";18.1;51.75;18.2;2750
"2020-01-29";"03:00";21.82;52.25;18.2;2750
"2020-01-29";"03:00";23.33;52.75;18.2;2750
"2020-01-29";"03:00";22.46;53.25;18.2;2750
"2020-01-29";"03:00";21.36;53.75;18.2;2750
"2020-01-29";"03:00";15.33;54.25;18.2;2750
"2020-01-29";"03:00";14.63;54.75;18.2;2750
"2020-01-29";"03:00";2.66;49.25;19;2750
"2020-01-29";"03:00";2.26;49.75;19;2750
"2020-01-29";"03:00";2.08;50.25;19;2750
"2020-01-29";"03:00";2.18;50.75;19;2750
"2020-01-29";"03:00";12.31;51.25;19;2750
"2020-01-29";"03:00";19.07;51.75;19;2750
"2020-01-29";"03:00";22.16;52.25;19;2750
"2020-01-29";"03:00";22.26;52.75;19;2750
"2020-01-29";"03:00";21.68;53.25;19;2750
"2020-01-29";"03:00";21.14;53.75;19;2750
"2020-01-29";"03:00";16.18;54.25;19;2750
"2020-01-29";"03:00";16.2;54.75;19;2750
"2020-01-29";"03:00";2.16;49.25;19.8;2750
"2020-01-29";"03:00";1.93;49.75;19.8;2750
"2020-01-29";"03:00";1.3;50.25;19.8;2750
"2020-01-29";"03:00";4.93;50.75;19.8;2750
"2020-01-29";"03:00";15.22;51.25;19.8;2750
"2020-01-29";"03:00";19.91;51.75;19.8;2750
"2020-01-29";"03:00";21.57;52.25;19.8;2750
"2020-01-29";"03:00";21.36;52.75;19.8;2750
"2020-01-29";"03:00";20.08;53.25;19.8;2750
"2020-01-29";"03:00";19.02;53.75;19.8;2750
"2020-01-29";"03:00";15.7;54.25;19.8;2750
"2020-01-29";"03:00";15.9;54.75;19.8;2750
"2020-01-29";"03:00";2.14;49.25;20.6;2750
"2020-01-29";"03:00";1.14;49.75;20.6;2750
"2020-01-29";"03:00";1.51;50.25;20.6;2750
"2020-01-29";"03:00";7.36;50.75;20.6;2750
"2020-01-29";"03:00";16.01;51.25;20.6;2750
"2020-01-29";"03:00";19.43;51.75;20.6;2750
"2020-01-29";"03:00";20.69;52.25;20.6;2750
"2020-01-29";"03:00";20.99;52.75;20.6;2750
"2020-01-29";"03:00";20.25;53.25;20.6;2750
"2020-01-29";"03:00";17.2;53.75;20.6;2750
"2020-01-29";"03:00";15.37;54.25;20.6;2750
"2020-01-29";"03:00";14.71;54.75;20.6;2750
"2020-01-29";"03:00";1.51;49.25;21.4;2750
"2020-01-29";"03:00";0.9;49.75;21.4;2750
"2020-01-29";"03:00";2.52;50.25;21.4;2750
"2020-01-29";"03:00";8.77;50.75;21.4;2750
"2020-01-29";"03:00";15.59;51.25;21.4;2750
"2020-01-29";"03:00";16.94;51.75;21.4;2750
"2020-01-29";"03:00";19.64;52.25;21.4;2750
"2020-01-29";"03:00";20.87;52.75;21.4;2750
"2020-01-29";"03:00";19.72;53.25;21.4;2750
"2020-01-29";"03:00";16.85;53.75;21.4;2750
"2020-01-29";"03:00";13.91;54.25;21.4;2750
"2020-01-29";"03:00";14.88;54.75;21.4;2750
"2020-01-29";"03:00";1.29;49.25;22.2;2750
"2020-01-29";"03:00";0.56;49.75;22.2;2750
"2020-01-29";"03:00";3.23;50.25;22.2;2750
"2020-01-29";"03:00";11.28;50.75;22.2;2750
"2020-01-29";"03:00";15.99;51.25;22.2;2750
"2020-01-29";"03:00";16.41;51.75;22.2;2750
"2020-01-29";"03:00";19.05;52.25;22.2;2750
"2020-01-29";"03:00";18.7;52.75;22.2;2750
"2020-01-29";"03:00";18.49;53.25;22.2;2750
"2020-01-29";"03:00";15.87;53.75;22.2;2750
"2020-01-29";"03:00";6.3;54.25;22.2;2750
"2020-01-29";"03:00";13.65;54.75;22.2;2750
"2020-01-29";"03:00";1.37;49.25;23;2750
"2020-01-29";"03:00";0.71;49.75;23;2750
"2020-01-29";"03:00";5.15;50.25;23;2750
"2020-01-29";"03:00";12.32;50.75;23;2750
"2020-01-29";"03:00";16.15;51.25;23;2750
"2020-01-29";"03:00";18.09;51.75;23;2750
"2020-01-29";"03:00";10.3;52.25;23;2750
"2020-01-29";"03:00";17.69;52.75;23;2750
"2020-01-29";"03:00";18.27;53.25;23;2750
"2020-01-29";"03:00";17.48;53.75;23;2750
"2020-01-29";"03:00";6.85;54.25;23;2750
"2020-01-29";"03:00";14.03;54.75;23;2750
"2020-01-29";"03:00";3.36;49.25;14.2;3750
"2020-01-29";"03:00";3.01;49.75;14.2;3750
"2020-01-29";"03:00";2.58;50.25;14.2;3750
"2020-01-29";"03:00";1.93;50.75;14.2;3750
"2020-01-29";"03:00";1.73;51.25;14.2;3750
"2020-01-29";"03:00";5.64;51.75;14.2;3750
"2020-01-29";"03:00";14.43;52.25;14.2;3750
"2020-01-29";"03:00";16.11;52.75;14.2;3750
"2020-01-29";"03:00";13.14;53.25;14.2;3750
"2020-01-29";"03:00";6.5;53.75;14.2;3750
"2020-01-29";"03:00";6.34;54.25;14.2;3750
"2020-01-29";"03:00";4.66;54.75;14.2;3750
"2020-01-29";"03:00";3.17;49.25;15;3750
"2020-01-29";"03:00";2.81;49.75;15;3750
"2020-01-29";"03:00";2.14;50.25;15;3750
"2020-01-29";"03:00";1.44;50.75;15;3750
"2020-01-29";"03:00";2.31;51.25;15;3750
"2020-01-29";"03:00";7.53;51.75;15;3750
"2020-01-29";"03:00";14.71;52.25;15;3750
"2020-01-29";"03:00";15.87;52.75;15;3750
"2020-01-29";"03:00";13.24;53.25;15;3750
"2020-01-29";"03:00";7.45;53.75;15;3750
"2020-01-29";"03:00";6;54.25;15;3750
"2020-01-29";"03:00";4.94;54.75;15;3750
"2020-01-29";"03:00";2.89;49.25;15.8;3750
"2020-01-29";"03:00";2.23;49.75;15.8;3750
"2020-01-29";"03:00";1.67;50.25;15.8;3750
"2020-01-29";"03:00";1.79;50.75;15.8;3750
"2020-01-29";"03:00";3.37;51.25;15.8;3750
"2020-01-29";"03:00";10.23;51.75;15.8;3750
"2020-01-29";"03:00";14.27;52.25;15.8;3750
"2020-01-29";"03:00";15.64;52.75;15.8;3750
"2020-01-29";"03:00";12.89;53.25;15.8;3750
"2020-01-29";"03:00";8.3;53.75;15.8;3750
"2020-01-29";"03:00";5.66;54.25;15.8;3750
"2020-01-29";"03:00";4.6;54.75;15.8;3750
"2020-01-29";"03:00";2.28;49.25;16.6;3750
"2020-01-29";"03:00";1.96;49.75;16.6;3750
"2020-01-29";"03:00";1.65;50.25;16.6;3750
"2020-01-29";"03:00";2.06;50.75;16.6;3750
"2020-01-29";"03:00";4.7;51.25;16.6;3750
"2020-01-29";"03:00";11.01;51.75;16.6;3750
"2020-01-29";"03:00";13.7;52.25;16.6;3750
"2020-01-29";"03:00";15.05;52.75;16.6;3750
"2020-01-29";"03:00";11.93;53.25;16.6;3750
"2020-01-29";"03:00";8.46;53.75;16.6;3750
"2020-01-29";"03:00";5.58;54.25;16.6;3750
"2020-01-29";"03:00";4.5;54.75;16.6;3750
"2020-01-29";"03:00";2.07;49.25;17.4;3750
"2020-01-29";"03:00";1.52;49.75;17.4;3750
"2020-01-29";"03:00";1.66;50.25;17.4;3750
"2020-01-29";"03:00";2.85;50.75;17.4;3750
"2020-01-29";"03:00";7.67;51.25;17.4;3750
"2020-01-29";"03:00";11.84;51.75;17.4;3750
"2020-01-29";"03:00";14.11;52.25;17.4;3750
"2020-01-29";"03:00";14.48;52.75;17.4;3750
"2020-01-29";"03:00";11.28;53.25;17.4;3750
"2020-01-29";"03:00";7.17;53.75;17.4;3750
"2020-01-29";"03:00";5.68;54.25;17.4;3750
"2020-01-29";"03:00";4.37;54.75;17.4;3750
"2020-01-29";"03:00";1.47;49.25;18.2;3750
"2020-01-29";"03:00";1.72;49.75;18.2;3750
"2020-01-29";"03:00";2.03;50.25;18.2;3750
"2020-01-29";"03:00";4.78;50.75;18.2;3750
"2020-01-29";"03:00";9.36;51.25;18.2;3750
"2020-01-29";"03:00";11.28;51.75;18.2;3750
"2020-01-29";"03:00";13.84;52.25;18.2;3750
"2020-01-29";"03:00";13.46;52.75;18.2;3750
"2020-01-29";"03:00";11.15;53.25;18.2;3750
"2020-01-29";"03:00";7.99;53.75;18.2;3750
"2020-01-29";"03:00";5.92;54.25;18.2;3750
"2020-01-29";"03:00";4.32;54.75;18.2;3750
"2020-01-29";"03:00";1.6;49.25;19;3750
"2020-01-29";"03:00";1.87;49.75;19;3750
"2020-01-29";"03:00";3.55;50.25;19;3750
"2020-01-29";"03:00";7.06;50.75;19;3750
"2020-01-29";"03:00";9.6;51.25;19;3750
"2020-01-29";"03:00";11.57;51.75;19;3750
"2020-01-29";"03:00";13.78;52.25;19;3750
"2020-01-29";"03:00";12.33;52.75;19;3750
"2020-01-29";"03:00";9.7;53.25;19;3750
"2020-01-29";"03:00";6.69;53.75;19;3750
"2020-01-29";"03:00";5.7;54.25;19;3750
"2020-01-29";"03:00";4.79;54.75;19;3750
"2020-01-29";"03:00";2.05;49.25;19.8;3750
"2020-01-29";"03:00";3.07;49.75;19.8;3750
"2020-01-29";"03:00";5.42;50.25;19.8;3750
"2020-01-29";"03:00";8.43;50.75;19.8;3750
"2020-01-29";"03:00";10;51.25;19.8;3750
"2020-01-29";"03:00";12.12;51.75;19.8;3750
"2020-01-29";"03:00";13.32;52.25;19.8;3750
"2020-01-29";"03:00";12.68;52.75;19.8;3750
"2020-01-29";"03:00";9.76;53.25;19.8;3750
"2020-01-29";"03:00";5.94;53.75;19.8;3750
"2020-01-29";"03:00";5.19;54.25;19.8;3750
"2020-01-29";"03:00";4.45;54.75;19.8;3750
"2020-01-29";"03:00";2.98;49.25;20.6;3750
"2020-01-29";"03:00";4.61;49.75;20.6;3750
"2020-01-29";"03:00";6.99;50.25;20.6;3750
"2020-01-29";"03:00";9.13;50.75;20.6;3750
"2020-01-29";"03:00";10.64;51.25;20.6;3750
"2020-01-29";"03:00";12.09;51.75;20.6;3750
"2020-01-29";"03:00";12.87;52.25;20.6;3750
"2020-01-29";"03:00";12.6;52.75;20.6;3750
"2020-01-29";"03:00";9.98;53.25;20.6;3750
"2020-01-29";"03:00";6.1;53.75;20.6;3750
"2020-01-29";"03:00";5.5;54.25;20.6;3750
"2020-01-29";"03:00";4.1;54.75;20.6;3750
"2020-01-29";"03:00";4.23;49.25;21.4;3750
"2020-01-29";"03:00";5.96;49.75;21.4;3750
"2020-01-29";"03:00";8.35;50.25;21.4;3750
"2020-01-29";"03:00";9.7;50.75;21.4;3750
"2020-01-29";"03:00";10.88;51.25;21.4;3750
"2020-01-29";"03:00";9.65;51.75;21.4;3750
"2020-01-29";"03:00";12.89;52.25;21.4;3750
"2020-01-29";"03:00";12.11;52.75;21.4;3750
"2020-01-29";"03:00";9.25;53.25;21.4;3750
"2020-01-29";"03:00";4.08;53.75;21.4;3750
"2020-01-29";"03:00";3.24;54.25;21.4;3750
"2020-01-29";"03:00";4.23;54.75;21.4;3750
"2020-01-29";"03:00";4.07;49.25;22.2;3750
"2020-01-29";"03:00";6.06;49.75;22.2;3750
"2020-01-29";"03:00";6.98;50.25;22.2;3750
"2020-01-29";"03:00";9.16;50.75;22.2;3750
"2020-01-29";"03:00";11.03;51.25;22.2;3750
"2020-01-29";"03:00";9.98;51.75;22.2;3750
"2020-01-29";"03:00";13.31;52.25;22.2;3750
"2020-01-29";"03:00";8.1;52.75;22.2;3750
"2020-01-29";"03:00";9.09;53.25;22.2;3750
"2020-01-29";"03:00";1.76;53.75;22.2;3750
"2020-01-29";"03:00";-8.55;54.25;22.2;3750
"2020-01-29";"03:00";4.47;54.75;22.2;3750
"2020-01-29";"03:00";5.03;49.25;23;3750
"2020-01-29";"03:00";5.96;49.75;23;3750
"2020-01-29";"03:00";7.69;50.25;23;3750
"2020-01-29";"03:00";9.3;50.75;23;3750
"2020-01-29";"03:00";10.89;51.25;23;3750
"2020-01-29";"03:00";13.22;51.75;23;3750
"2020-01-29";"03:00";-4.16;52.25;23;3750
"2020-01-29";"03:00";8.19;52.75;23;3750
"2020-01-29";"03:00";8.98;53.25;23;3750
"2020-01-29";"03:00";6.46;53.75;23;3750
"2020-01-29";"03:00";-8.51;54.25;23;3750
"2020-01-29";"03:00";5.21;54.75;23;3750
"2020-01-29";"03:00";0.56;49.25;14.2;5250
"2020-01-29";"03:00";0.93;49.75;14.2;5250
"2020-01-29";"03:00";2.07;50.25;14.2;5250
"2020-01-29";"03:00";3.09;50.75;14.2;5250
"2020-01-29";"03:00";4.18;51.25;14.2;5250
"2020-01-29";"03:00";4.92;51.75;14.2;5250
"2020-01-29";"03:00";7.09;52.25;14.2;5250
"2020-01-29";"03:00";7.16;52.75;14.2;5250
"2020-01-29";"03:00";4.86;53.25;14.2;5250
"2020-01-29";"03:00";4.21;53.75;14.2;5250
"2020-01-29";"03:00";3.05;54.25;14.2;5250
"2020-01-29";"03:00";2.44;54.75;14.2;5250
"2020-01-29";"03:00";0.73;49.25;15;5250
"2020-01-29";"03:00";1.61;49.75;15;5250
"2020-01-29";"03:00";2.55;50.25;15;5250
"2020-01-29";"03:00";3.4;50.75;15;5250
"2020-01-29";"03:00";4.36;51.25;15;5250
"2020-01-29";"03:00";5.03;51.75;15;5250
"2020-01-29";"03:00";6.95;52.25;15;5250
"2020-01-29";"03:00";7.09;52.75;15;5250
"2020-01-29";"03:00";5.26;53.25;15;5250
"2020-01-29";"03:00";4.09;53.75;15;5250
"2020-01-29";"03:00";3.83;54.25;15;5250
"2020-01-29";"03:00";2.55;54.75;15;5250
"2020-01-29";"03:00";1.12;49.25;15.8;5250
"2020-01-29";"03:00";2.3;49.75;15.8;5250
"2020-01-29";"03:00";2.86;50.25;15.8;5250
"2020-01-29";"03:00";3.55;50.75;15.8;5250
"2020-01-29";"03:00";4.39;51.25;15.8;5250
"2020-01-29";"03:00";5.18;51.75;15.8;5250
"2020-01-29";"03:00";6.94;52.25;15.8;5250
"2020-01-29";"03:00";6.92;52.75;15.8;5250
"2020-01-29";"03:00";3.88;53.25;15.8;5250
"2020-01-29";"03:00";3.44;53.75;15.8;5250
"2020-01-29";"03:00";3.02;54.25;15.8;5250
"2020-01-29";"03:00";2.63;54.75;15.8;5250
"2020-01-29";"03:00";1.64;49.25;16.6;5250
"2020-01-29";"03:00";2.73;49.75;16.6;5250
"2020-01-29";"03:00";3.31;50.25;16.6;5250
"2020-01-29";"03:00";4.03;50.75;16.6;5250
"2020-01-29";"03:00";4.63;51.25;16.6;5250
"2020-01-29";"03:00";5.36;51.75;16.6;5250
"2020-01-29";"03:00";7.02;52.25;16.6;5250
"2020-01-29";"03:00";6.52;52.75;16.6;5250
"2020-01-29";"03:00";4;53.25;16.6;5250
"2020-01-29";"03:00";2.56;53.75;16.6;5250
"2020-01-29";"03:00";2.45;54.25;16.6;5250
"2020-01-29";"03:00";2.73;54.75;16.6;5250
"2020-01-29";"03:00";2.31;49.25;17.4;5250
"2020-01-29";"03:00";3.35;49.75;17.4;5250
"2020-01-29";"03:00";3.75;50.25;17.4;5250
"2020-01-29";"03:00";4.34;50.75;17.4;5250
"2020-01-29";"03:00";4.72;51.25;17.4;5250
"2020-01-29";"03:00";5.63;51.75;17.4;5250
"2020-01-29";"03:00";7.05;52.25;17.4;5250
"2020-01-29";"03:00";6.64;52.75;17.4;5250
"2020-01-29";"03:00";4.64;53.25;17.4;5250
"2020-01-29";"03:00";3;53.75;17.4;5250
"2020-01-29";"03:00";2.5;54.25;17.4;5250
"2020-01-29";"03:00";2.68;54.75;17.4;5250
"2020-01-29";"03:00";2.85;49.25;18.2;5250
"2020-01-29";"03:00";3.29;49.75;18.2;5250
"2020-01-29";"03:00";3.63;50.25;18.2;5250
"2020-01-29";"03:00";4.25;50.75;18.2;5250
"2020-01-29";"03:00";4.86;51.25;18.2;5250
"2020-01-29";"03:00";5.86;51.75;18.2;5250
"2020-01-29";"03:00";7.09;52.25;18.2;5250
"2020-01-29";"03:00";6.24;52.75;18.2;5250
"2020-01-29";"03:00";4.94;53.25;18.2;5250
"2020-01-29";"03:00";3.39;53.75;18.2;5250
"2020-01-29";"03:00";2.72;54.25;18.2;5250
"2020-01-29";"03:00";2.55;54.75;18.2;5250
"2020-01-29";"03:00";3.15;49.25;19;5250
"2020-01-29";"03:00";3.36;49.75;19;5250
"2020-01-29";"03:00";3.73;50.25;19;5250
"2020-01-29";"03:00";4.5;50.75;19;5250
"2020-01-29";"03:00";5.08;51.25;19;5250
"2020-01-29";"03:00";6.3;51.75;19;5250
"2020-01-29";"03:00";6.78;52.25;19;5250
"2020-01-29";"03:00";6.17;52.75;19;5250
"2020-01-29";"03:00";5;53.25;19;5250
"2020-01-29";"03:00";3.47;53.75;19;5250
"2020-01-29";"03:00";2.81;54.25;19;5250
"2020-01-29";"03:00";2.58;54.75;19;5250
"2020-01-29";"03:00";3.4;49.25;19.8;5250
"2020-01-29";"03:00";3.53;49.75;19.8;5250
"2020-01-29";"03:00";4.01;50.25;19.8;5250
"2020-01-29";"03:00";4.8;50.75;19.8;5250
"2020-01-29";"03:00";5.36;51.25;19.8;5250
"2020-01-29";"03:00";6.35;51.75;19.8;5250
"2020-01-29";"03:00";6.51;52.25;19.8;5250
"2020-01-29";"03:00";5.97;52.75;19.8;5250
"2020-01-29";"03:00";4.77;53.25;19.8;5250
"2020-01-29";"03:00";3.05;53.75;19.8;5250
"2020-01-29";"03:00";2.91;54.25;19.8;5250
"2020-01-29";"03:00";2.61;54.75;19.8;5250
"2020-01-29";"03:00";3.58;49.25;20.6;5250
"2020-01-29";"03:00";3.61;49.75;20.6;5250
"2020-01-29";"03:00";4.3;50.25;20.6;5250
"2020-01-29";"03:00";5.03;50.75;20.6;5250
"2020-01-29";"03:00";5.63;51.25;20.6;5250
"2020-01-29";"03:00";6.11;51.75;20.6;5250
"2020-01-29";"03:00";6.2;52.25;20.6;5250
"2020-01-29";"03:00";5.57;52.75;20.6;5250
"2020-01-29";"03:00";5.06;53.25;20.6;5250
"2020-01-29";"03:00";3.34;53.75;20.6;5250
"2020-01-29";"03:00";2.75;54.25;20.6;5250
"2020-01-29";"03:00";2.58;54.75;20.6;5250
"2020-01-29";"03:00";3.74;49.25;21.4;5250
"2020-01-29";"03:00";3.89;49.75;21.4;5250
"2020-01-29";"03:00";4.6;50.25;21.4;5250
"2020-01-29";"03:00";5.15;50.75;21.4;5250
"2020-01-29";"03:00";5.55;51.25;21.4;5250
"2020-01-29";"03:00";2.53;51.75;21.4;5250
"2020-01-29";"03:00";5.99;52.25;21.4;5250
"2020-01-29";"03:00";5.27;52.75;21.4;5250
"2020-01-29";"03:00";5.2;53.25;21.4;5250
"2020-01-29";"03:00";0.63;53.75;21.4;5250
"2020-01-29";"03:00";0.74;54.25;21.4;5250
"2020-01-29";"03:00";2.66;54.75;21.4;5250
"2020-01-29";"03:00";3.04;49.25;22.2;5250
"2020-01-29";"03:00";2.92;49.75;22.2;5250
"2020-01-29";"03:00";2.9;50.25;22.2;5250
"2020-01-29";"03:00";4.45;50.75;22.2;5250
"2020-01-29";"03:00";5.71;51.25;22.2;5250
"2020-01-29";"03:00";2.3;51.75;22.2;5250
"2020-01-29";"03:00";6.05;52.25;22.2;5250
"2020-01-29";"03:00";0.3;52.75;22.2;5250
"2020-01-29";"03:00";4.89;53.25;22.2;5250
"2020-01-29";"03:00";0.49;53.75;22.2;5250
"2020-01-29";"03:00";-6.65;54.25;22.2;5250
"2020-01-29";"03:00";2.85;54.75;22.2;5250
"2020-01-29";"03:00";3.29;49.25;23;5250
"2020-01-29";"03:00";2.87;49.75;23;5250
"2020-01-29";"03:00";3.21;50.25;23;5250
"2020-01-29";"03:00";4.68;50.75;23;5250
"2020-01-29";"03:00";5.94;51.25;23;5250
"2020-01-29";"03:00";7.22;51.75;23;5250
"2020-01-29";"03:00";-14.1;0;52.25;23
"2020-01-29";"03:00";-0.24;52.75;23;5250
"2020-01-29";"03:00";4.17;53.25;23;5250
"2020-01-29";"03:00";-1.07;53.75;23;5250
"2020-01-29";"03:00";-6.88;54.25;23;5250
"2020-01-29";"03:00";2.6;54.75;23;5250
"2020-01-29";"03:00";0.79;49.25;14.2;6750
"2020-01-29";"03:00";0.65;49.75;14.2;6750
"2020-01-29";"03:00";0.64;50.25;14.2;6750
"2020-01-29";"03:00";0.79;50.75;14.2;6750
"2020-01-29";"03:00";1.06;51.25;14.2;6750
"2020-01-29";"03:00";1.77;51.75;14.2;6750
"2020-01-29";"03:00";2.32;52.25;14.2;6750
"2020-01-29";"03:00";2.52;52.75;14.2;6750
"2020-01-29";"03:00";1.83;53.25;14.2;6750
"2020-01-29";"03:00";0.45;53.75;14.2;6750
"2020-01-29";"03:00";0.48;54.25;14.2;6750
"2020-01-29";"03:00";0.59;54.75;14.2;6750
"2020-01-29";"03:00";0.83;49.25;15;6750
"2020-01-29";"03:00";0.68;49.75;15;6750
"2020-01-29";"03:00";0.65;50.25;15;6750
"2020-01-29";"03:00";0.86;50.75;15;6750
"2020-01-29";"03:00";1.2;51.25;15;6750
"2020-01-29";"03:00";1.68;51.75;15;6750
"2020-01-29";"03:00";2.46;52.25;15;6750
"2020-01-29";"03:00";2.57;52.75;15;6750
"2020-01-29";"03:00";2.05;53.25;15;6750
"2020-01-29";"03:00";0.55;53.75;15;6750
"2020-01-29";"03:00";0.51;54.25;15;6750
"2020-01-29";"03:00";0.63;54.75;15;6750
"2020-01-29";"03:00";0.81;49.25;15.8;6750
"2020-01-29";"03:00";0.67;49.75;15.8;6750
"2020-01-29";"03:00";0.73;50.25;15.8;6750
"2020-01-29";"03:00";0.96;50.75;15.8;6750
"2020-01-29";"03:00";1.28;51.25;15.8;6750
"2020-01-29";"03:00";1.62;51.75;15.8;6750
"2020-01-29";"03:00";2.48;52.25;15.8;6750
"2020-01-29";"03:00";2.69;52.75;15.8;6750
"2020-01-29";"03:00";2.38;53.25;15.8;6750
"2020-01-29";"03:00";0.97;53.75;15.8;6750
"2020-01-29";"03:00";0.64;54.25;15.8;6750
"2020-01-29";"03:00";0.63;54.75;15.8;6750
"2020-01-29";"03:00";0.74;49.25;16.6;6750
"2020-01-29";"03:00";0.65;49.75;16.6;6750
"2020-01-29";"03:00";0.85;50.25;16.6;6750
"2020-01-29";"03:00";1.1;50.75;16.6;6750
"2020-01-29";"03:00";1.37;51.25;16.6;6750
"2020-01-29";"03:00";1.63;51.75;16.6;6750
"2020-01-29";"03:00";2.52;52.25;16.6;6750
"2020-01-29";"03:00";2.72;52.75;16.6;6750
"2020-01-29";"03:00";2.4;53.25;16.6;6750
"2020-01-29";"03:00";1.48;53.75;16.6;6750
"2020-01-29";"03:00";0.85;54.25;16.6;6750
"2020-01-29";"03:00";0.71;54.75;16.6;6750
"2020-01-29";"03:00";0.73;49.25;17.4;6750
"2020-01-29";"03:00";0.76;49.75;17.4;6750
"2020-01-29";"03:00";1.01;50.25;17.4;6750
"2020-01-29";"03:00";1.16;50.75;17.4;6750
"2020-01-29";"03:00";1.44;51.25;17.4;6750
"2020-01-29";"03:00";1.77;51.75;17.4;6750
"2020-01-29";"03:00";2.39;52.25;17.4;6750
"2020-01-29";"03:00";2.6;52.75;17.4;6750
"2020-01-29";"03:00";2.4;53.25;17.4;6750
"2020-01-29";"03:00";2.09;53.75;17.4;6750
"2020-01-29";"03:00";1.06;54.25;17.4;6750
"2020-01-29";"03:00";0.83;54.75;17.4;6750
"2020-01-29";"03:00";0.79;49.25;18.2;6750
"2020-01-29";"03:00";0.95;49.75;18.2;6750
"2020-01-29";"03:00";1.15;50.25;18.2;6750
"2020-01-29";"03:00";1.26;50.75;18.2;6750
"2020-01-29";"03:00";1.49;51.25;18.2;6750
"2020-01-29";"03:00";1.74;51.75;18.2;6750
"2020-01-29";"03:00";2.24;52.25;18.2;6750
"2020-01-29";"03:00";2.48;52.75;18.2;6750
"2020-01-29";"03:00";2.4;53.25;18.2;6750
"2020-01-29";"03:00";2.22;53.75;18.2;6750
"2020-01-29";"03:00";1.3;54.25;18.2;6750
"2020-01-29";"03:00";1.04;54.75;18.2;6750
"2020-01-29";"03:00";0.94;49.25;19;6750
"2020-01-29";"03:00";1.11;49.75;19;6750
"2020-01-29";"03:00";1.37;50.25;19;6750
"2020-01-29";"03:00";1.54;50.75;19;6750
"2020-01-29";"03:00";1.58;51.25;19;6750
"2020-01-29";"03:00";1.8;51.75;19;6750
"2020-01-29";"03:00";2.21;52.25;19;6750
"2020-01-29";"03:00";2.48;52.75;19;6750
"2020-01-29";"03:00";2.42;53.25;19;6750
"2020-01-29";"03:00";2.44;53.75;19;6750
"2020-01-29";"03:00";1.83;54.25;19;6750
"2020-01-29";"03:00";1.26;54.75;19;6750
"2020-01-29";"03:00";1.19;49.25;19.8;6750
"2020-01-29";"03:00";1.41;49.75;19.8;6750
"2020-01-29";"03:00";1.62;50.25;19.8;6750
"2020-01-29";"03:00";1.67;50.75;19.8;6750
"2020-01-29";"03:00";1.65;51.25;19.8;6750
"2020-01-29";"03:00";1.82;51.75;19.8;6750
"2020-01-29";"03:00";2.26;52.25;19.8;6750
"2020-01-29";"03:00";2.42;52.75;19.8;6750
"2020-01-29";"03:00";2.45;53.25;19.8;6750
"2020-01-29";"03:00";2.52;53.75;19.8;6750
"2020-01-29";"03:00";2.61;54.25;19.8;6750
"2020-01-29";"03:00";2.04;54.75;19.8;6750
"2020-01-29";"03:00";1.42;49.25;20.6;6750
"2020-01-29";"03:00";1.53;49.75;20.6;6750
"2020-01-29";"03:00";1.59;50.25;20.6;6750
"2020-01-29";"03:00";1.63;50.75;20.6;6750
"2020-01-29";"03:00";1.73;51.25;20.6;6750
"2020-01-29";"03:00";1.93;51.75;20.6;6750
"2020-01-29";"03:00";2.28;52.25;20.6;6750
"2020-01-29";"03:00";2.49;52.75;20.6;6750
"2020-01-29";"03:00";2.55;53.25;20.6;6750
"2020-01-29";"03:00";2.51;53.75;20.6;6750
"2020-01-29";"03:00";2.51;54.25;20.6;6750
"2020-01-29";"03:00";2.34;54.75;20.6;6750
"2020-01-29";"03:00";1.42;49.25;21.4;6750
"2020-01-29";"03:00";1.51;49.75;21.4;6750
"2020-01-29";"03:00";1.56;50.25;21.4;6750
"2020-01-29";"03:00";1.51;50.75;21.4;6750
"2020-01-29";"03:00";1.89;51.25;21.4;6750
"2020-01-29";"03:00";-1.36;51.75;21.4;6750
"2020-01-29";"03:00";2.3;52.25;21.4;6750
"2020-01-29";"03:00";2.49;52.75;21.4;6750
"2020-01-29";"03:00";2.6;53.25;21.4;6750
"2020-01-29";"03:00";0.13;53.75;21.4;6750
"2020-01-29";"03:00";0.36;54.25;21.4;6750
"2020-01-29";"03:00";2.32;54.75;21.4;6750
"2020-01-29";"03:00";0.42;49.25;22.2;6750
"2020-01-29";"03:00";0.01;49.75;22.2;6750
"2020-01-29";"03:00";-0.51;50.25;22.2;6750
"2020-01-29";"03:00";0.36;50.75;22.2;6750
"2020-01-29";"03:00";1.49;51.25;22.2;6750
"2020-01-29";"03:00";-0.65;51.75;22.2;6750
"2020-01-29";"03:00";2.38;52.25;22.2;6750
"2020-01-29";"03:00";-1.59;52.75;22.2;6750
"2020-01-29";"03:00";0.34;53.25;22.2;6750
"2020-01-29";"03:00";-2.57;53.75;22.2;6750
"2020-01-29";"03:00";-3.51;54.25;22.2;6750
"2020-01-29";"03:00";2.03;54.75;22.2;6750
"2020-01-29";"03:00";0.34;49.25;23;6750
"2020-01-29";"03:00";-0.21;49.75;23;6750
"2020-01-29";"03:00";-0.15;50.25;23;6750
"2020-01-29";"03:00";0.78;50.75;23;6750
"2020-01-29";"03:00";2.09;51.25;23;6750
"2020-01-29";"03:00";-1.11;51.75;23;6750
"2020-01-29";"03:00";-2.83;52.25;23;6750
"2020-01-29";"03:00";-1.84;52.75;23;6750
"2020-01-29";"03:00";2.42;53.25;23;6750
"2020-01-29";"03:00";-1.76;53.75;23;6750
"2020-01-29";"03:00";-3.27;54.25;23;6750
"2020-01-29";"03:00";2.06;54.75;23;6750
"2020-01-29";"03:00";0.19;49.25;14.2;8250
"2020-01-29";"03:00";0.21;49.75;14.2;8250
"2020-01-29";"03:00";0.24;50.25;14.2;8250
"2020-01-29";"03:00";0.33;50.75;14.2;8250
"2020-01-29";"03:00";0.39;51.25;14.2;8250
"2020-01-29";"03:00";0.53;51.75;14.2;8250
"2020-01-29";"03:00";0.73;52.25;14.2;8250
"2020-01-29";"03:00";0.53;52.75;14.2;8250
"2020-01-29";"03:00";0.07;53.25;14.2;8250
"2020-01-29";"03:00";0.14;53.75;14.2;8250
"2020-01-29";"03:00";0.28;54.25;14.2;8250
"2020-01-29";"03:00";0.26;54.75;14.2;8250
"2020-01-29";"03:00";0.23;49.25;15;8250
"2020-01-29";"03:00";0.23;49.75;15;8250
"2020-01-29";"03:00";0.27;50.25;15;8250
"2020-01-29";"03:00";0.34;50.75;15;8250
"2020-01-29";"03:00";0.42;51.25;15;8250
"2020-01-29";"03:00";0.55;51.75;15;8250
"2020-01-29";"03:00";0.76;52.25;15;8250
"2020-01-29";"03:00";0.72;52.75;15;8250
"2020-01-29";"03:00";0.04;53.25;15;8250
"2020-01-29";"03:00";0.11;53.75;15;8250
"2020-01-29";"03:00";0.21;54.25;15;8250
"2020-01-29";"03:00";0.25;54.75;15;8250
"2020-01-29";"03:00";0.25;49.25;15.8;8250
"2020-01-29";"03:00";0.26;49.75;15.8;8250
"2020-01-29";"03:00";0.29;50.25;15.8;8250
"2020-01-29";"03:00";0.37;50.75;15.8;8250
"2020-01-29";"03:00";0.46;51.25;15.8;8250
"2020-01-29";"03:00";0.57;51.75;15.8;8250
"2020-01-29";"03:00";0.75;52.25;15.8;8250
"2020-01-29";"03:00";0.86;52.75;15.8;8250
"2020-01-29";"03:00";0.08;53.25;15.8;8250
"2020-01-29";"03:00";0.11;53.75;15.8;8250
"2020-01-29";"03:00";0.17;54.25;15.8;8250
"2020-01-29";"03:00";0.25;54.75;15.8;8250
"2020-01-29";"03:00";0.28;49.25;16.6;8250
"2020-01-29";"03:00";0.28;49.75;16.6;8250
"2020-01-29";"03:00";0.32;50.25;16.6;8250
"2020-01-29";"03:00";0.37;50.75;16.6;8250
"2020-01-29";"03:00";0.47;51.25;16.6;8250
"2020-01-29";"03:00";0.57;51.75;16.6;8250
"2020-01-29";"03:00";0.73;52.25;16.6;8250
"2020-01-29";"03:00";0.86;52.75;16.6;8250
"2020-01-29";"03:00";0.36;53.25;16.6;8250
"2020-01-29";"03:00";0.07;53.75;16.6;8250
"2020-01-29";"03:00";0.14;54.25;16.6;8250
"2020-01-29";"03:00";0.22;54.75;16.6;8250
"2020-01-29";"03:00";0.3;49.25;17.4;8250
"2020-01-29";"03:00";0.31;49.75;17.4;8250
"2020-01-29";"03:00";0.35;50.25;17.4;8250
"2020-01-29";"03:00";0.4;50.75;17.4;8250
"2020-01-29";"03:00";0.51;51.25;17.4;8250
"2020-01-29";"03:00";0.59;51.75;17.4;8250
"2020-01-29";"03:00";0.73;52.25;17.4;8250
"2020-01-29";"03:00";0.9;52.75;17.4;8250
"2020-01-29";"03:00";0.62;53.25;17.4;8250
"2020-01-29";"03:00";0.1;53.75;17.4;8250
"2020-01-29";"03:00";0.12;54.25;17.4;8250
"2020-01-29";"03:00";0.19;54.75;17.4;8250
"2020-01-29";"03:00";0.32;49.25;18.2;8250
"2020-01-29";"03:00";0.31;49.75;18.2;8250
"2020-01-29";"03:00";0.37;50.25;18.2;8250
"2020-01-29";"03:00";0.43;50.75;18.2;8250
"2020-01-29";"03:00";0.56;51.25;18.2;8250
"2020-01-29";"03:00";0.64;51.75;18.2;8250
"2020-01-29";"03:00";0.74;52.25;18.2;8250
"2020-01-29";"03:00";0.92;52.75;18.2;8250
"2020-01-29";"03:00";0.69;53.25;18.2;8250
"2020-01-29";"03:00";0.19;53.75;18.2;8250
"2020-01-29";"03:00";0.12;54.25;18.2;8250
"2020-01-29";"03:00";0.15;54.75;18.2;8250
"2020-01-29";"03:00";0.31;49.25;19;8250
"2020-01-29";"03:00";0.34;49.75;19;8250
"2020-01-29";"03:00";0.37;50.25;19;8250
"2020-01-29";"03:00";0.55;50.75;19;8250
"2020-01-29";"03:00";0.63;51.25;19;8250
"2020-01-29";"03:00";0.7;51.75;19;8250
"2020-01-29";"03:00";0.71;52.25;19;8250
"2020-01-29";"03:00";0.86;52.75;19;8250
"2020-01-29";"03:00";0.71;53.25;19;8250
"2020-01-29";"03:00";0.4;53.75;19;8250
"2020-01-29";"03:00";0.15;54.25;19;8250
"2020-01-29";"03:00";0.12;54.75;19;8250
"2020-01-29";"03:00";0.35;49.25;19.8;8250
"2020-01-29";"03:00";0.35;49.75;19.8;8250
"2020-01-29";"03:00";0.38;50.25;19.8;8250
"2020-01-29";"03:00";0.56;50.75;19.8;8250
"2020-01-29";"03:00";0.67;51.25;19.8;8250
"2020-01-29";"03:00";0.7;51.75;19.8;8250
"2020-01-29";"03:00";0.71;52.25;19.8;8250
"2020-01-29";"03:00";0.88;52.75;19.8;8250
"2020-01-29";"03:00";0.79;53.25;19.8;8250
"2020-01-29";"03:00";0.62;53.75;19.8;8250
"2020-01-29";"03:00";0.32;54.25;19.8;8250
"2020-01-29";"03:00";0.15;54.75;19.8;8250
"2020-01-29";"03:00";0.36;49.25;20.6;8250
"2020-01-29";"03:00";0.36;49.75;20.6;8250
"2020-01-29";"03:00";0.43;50.25;20.6;8250
"2020-01-29";"03:00";0.5;50.75;20.6;8250
"2020-01-29";"03:00";0.68;51.25;20.6;8250
"2020-01-29";"03:00";0.71;51.75;20.6;8250
"2020-01-29";"03:00";0.74;52.25;20.6;8250
"2020-01-29";"03:00";0.81;52.75;20.6;8250
"2020-01-29";"03:00";0.83;53.25;20.6;8250
"2020-01-29";"03:00";0.77;53.75;20.6;8250
"2020-01-29";"03:00";0.55;54.25;20.6;8250
"2020-01-29";"03:00";0.34;54.75;20.6;8250
"2020-01-29";"03:00";0.37;49.25;21.4;8250
"2020-01-29";"03:00";0.41;49.75;21.4;8250
"2020-01-29";"03:00";0.47;50.25;21.4;8250
"2020-01-29";"03:00";0.48;50.75;21.4;8250
"2020-01-29";"03:00";0.67;51.25;21.4;8250
"2020-01-29";"03:00";0.33;51.75;21.4;8250
"2020-01-29";"03:00";0.77;52.25;21.4;8250
"2020-01-29";"03:00";0.83;52.75;21.4;8250
"2020-01-29";"03:00";0.8;53.25;21.4;8250
"2020-01-29";"03:00";0.45;53.75;21.4;8250
"2020-01-29";"03:00";0.5;54.25;21.4;8250
"2020-01-29";"03:00";0.53;54.75;21.4;8250
"2020-01-29";"03:00";0.27;49.25;22.2;8250
"2020-01-29";"03:00";0.26;49.75;22.2;8250
"2020-01-29";"03:00";0.29;50.25;22.2;8250
"2020-01-29";"03:00";0.38;50.75;22.2;8250
"2020-01-29";"03:00";0.56;51.25;22.2;8250
"2020-01-29";"03:00";0.48;51.75;22.2;8250
"2020-01-29";"03:00";0.73;52.25;22.2;8250
"2020-01-29";"03:00";0.31;52.75;22.2;8250
"2020-01-29";"03:00";0.47;53.25;22.2;8250
"2020-01-29";"03:00";0.27;53.75;22.2;8250
"2020-01-29";"03:00";0.11;54.25;22.2;8250
"2020-01-29";"03:00";0.67;54.75;22.2;8250
"2020-01-29";"03:00";0.28;49.25;23;8250
"2020-01-29";"03:00";0.29;49.75;23;8250
"2020-01-29";"03:00";0.55;50.25;23;8250
"2020-01-29";"03:00";0.51;50.75;23;8250
"2020-01-29";"03:00";0.73;51.25;23;8250
"2020-01-29";"03:00";0.25;51.75;23;8250
"2020-01-29";"03:00";0.21;52.25;23;8250
"2020-01-29";"03:00";0.18;52.75;23;8250
"2020-01-29";"03:00";0.7;53.25;23;8250
"2020-01-29";"03:00";0.25;53.75;23;8250
"2020-01-29";"03:00";0.13;54.25;23;8250
"2020-01-29";"03:00";0.63;54.75;23;8250
"2020-01-29";"03:00";0.02;49.25;14.2;11750
"2020-01-29";"03:00";0.02;49.75;14.2;11750
"2020-01-29";"03:00";0.02;50.25;14.2;11750
"2020-01-29";"03:00";0.02;50.75;14.2;11750
"2020-01-29";"03:00";0.02;51.25;14.2;11750
"2020-01-29";"03:00";0.02;51.75;14.2;11750
"2020-01-29";"03:00";0.02;52.25;14.2;11750
"2020-01-29";"03:00";0.01;52.75;14.2;11750
"2020-01-29";"03:00";0.01;53.25;14.2;11750
"2020-01-29";"03:00";0.02;53.75;14.2;11750
"2020-01-29";"03:00";0.02;54.25;14.2;11750
"2020-01-29";"03:00";0.02;54.75;14.2;11750
"2020-01-29";"03:00";0.02;49.25;15;11750
"2020-01-29";"03:00";0.02;49.75;15;11750
"2020-01-29";"03:00";0.02;50.25;15;11750
"2020-01-29";"03:00";0.02;50.75;15;11750
"2020-01-29";"03:00";0.02;51.25;15;11750
"2020-01-29";"03:00";0.02;51.75;15;11750
"2020-01-29";"03:00";0.02;52.25;15;11750
"2020-01-29";"03:00";0.02;52.75;15;11750
"2020-01-29";"03:00";0.01;53.25;15;11750
"2020-01-29";"03:00";0.02;53.75;15;11750
"2020-01-29";"03:00";0.01;54.25;15;11750
"2020-01-29";"03:00";0.02;54.75;15;11750
"2020-01-29";"03:00";0.02;49.25;15.8;11750
"2020-01-29";"03:00";0.02;49.75;15.8;11750
"2020-01-29";"03:00";0.02;50.25;15.8;11750
"2020-01-29";"03:00";0.02;50.75;15.8;11750
"2020-01-29";"03:00";0.02;51.25;15.8;11750
"2020-01-29";"03:00";0.02;51.75;15.8;11750
"2020-01-29";"03:00";0.02;52.25;15.8;11750
"2020-01-29";"03:00";0.02;52.75;15.8;11750
"2020-01-29";"03:00";0.01;53.25;15.8;11750
"2020-01-29";"03:00";0.01;53.75;15.8;11750
"2020-01-29";"03:00";0.02;54.25;15.8;11750
"2020-01-29";"03:00";0.01;54.75;15.8;11750
"2020-01-29";"03:00";0.02;49.25;16.6;11750
"2020-01-29";"03:00";0.02;49.75;16.6;11750
"2020-01-29";"03:00";0.02;50.25;16.6;11750
"2020-01-29";"03:00";0.02;50.75;16.6;11750
"2020-01-29";"03:00";0.02;51.25;16.6;11750
"2020-01-29";"03:00";0.02;51.75;16.6;11750
"2020-01-29";"03:00";0.02;52.25;16.6;11750
"2020-01-29";"03:00";0.02;52.75;16.6;11750
"2020-01-29";"03:00";0.01;53.25;16.6;11750
"2020-01-29";"03:00";0.01;53.75;16.6;11750
"2020-01-29";"03:00";0.01;54.25;16.6;11750
"2020-01-29";"03:00";0.01;54.75;16.6;11750
"2020-01-29";"03:00";0.02;49.25;17.4;11750
"2020-01-29";"03:00";0.02;49.75;17.4;11750
"2020-01-29";"03:00";0.02;50.25;17.4;11750
"2020-01-29";"03:00";0.02;50.75;17.4;11750
"2020-01-29";"03:00";0.02;51.25;17.4;11750
"2020-01-29";"03:00";0.02;51.75;17.4;11750
"2020-01-29";"03:00";0.02;52.25;17.4;11750
"2020-01-29";"03:00";0.02;52.75;17.4;11750
"2020-01-29";"03:00";0.02;53.25;17.4;11750
"2020-01-29";"03:00";0.01;53.75;17.4;11750
"2020-01-29";"03:00";0.01;54.25;17.4;11750
"2020-01-29";"03:00";0.01;54.75;17.4;11750
"2020-01-29";"03:00";0.02;49.25;18.2;11750
"2020-01-29";"03:00";0.02;49.75;18.2;11750
"2020-01-29";"03:00";0.02;50.25;18.2;11750
"2020-01-29";"03:00";0.02;50.75;18.2;11750
"2020-01-29";"03:00";0.02;51.25;18.2;11750
"2020-01-29";"03:00";0.02;51.75;18.2;11750
"2020-01-29";"03:00";0.02;52.25;18.2;11750
"2020-01-29";"03:00";0.02;52.75;18.2;11750
"2020-01-29";"03:00";0.02;53.25;18.2;11750
"2020-01-29";"03:00";0.01;53.75;18.2;11750
"2020-01-29";"03:00";0.01;54.25;18.2;11750
"2020-01-29";"03:00";0.01;54.75;18.2;11750
"2020-01-29";"03:00";0.02;49.25;19;11750
"2020-01-29";"03:00";0.02;49.75;19;11750
"2020-01-29";"03:00";0.02;50.25;19;11750
"2020-01-29";"03:00";0.02;50.75;19;11750
"2020-01-29";"03:00";0.02;51.25;19;11750
"2020-01-29";"03:00";0.02;51.75;19;11750
"2020-01-29";"03:00";0.02;52.25;19;11750
"2020-01-29";"03:00";0.02;52.75;19;11750
"2020-01-29";"03:00";0.02;53.25;19;11750
"2020-01-29";"03:00";0.01;53.75;19;11750
"2020-01-29";"03:00";0.01;54.25;19;11750
"2020-01-29";"03:00";0.01;54.75;19;11750
"2020-01-29";"03:00";0.02;49.25;19.8;11750
"2020-01-29";"03:00";0.02;49.75;19.8;11750
"2020-01-29";"03:00";0.02;50.25;19.8;11750
"2020-01-29";"03:00";0.02;50.75;19.8;11750
"2020-01-29";"03:00";0.02;51.25;19.8;11750
"2020-01-29";"03:00";0.02;51.75;19.8;11750
"2020-01-29";"03:00";0.02;52.25;19.8;11750
"2020-01-29";"03:00";0.02;52.75;19.8;11750
"2020-01-29";"03:00";0.02;53.25;19.8;11750
"2020-01-29";"03:00";0.01;53.75;19.8;11750
"2020-01-29";"03:00";0.01;54.25;19.8;11750
"2020-01-29";"03:00";0.01;54.75;19.8;11750
"2020-01-29";"03:00";0.02;49.25;20.6;11750
"2020-01-29";"03:00";0.02;49.75;20.6;11750
"2020-01-29";"03:00";0.02;50.25;20.6;11750
"2020-01-29";"03:00";0.02;50.75;20.6;11750
"2020-01-29";"03:00";0.02;51.25;20.6;11750
"2020-01-29";"03:00";0.02;51.75;20.6;11750
"2020-01-29";"03:00";0.02;52.25;20.6;11750
"2020-01-29";"03:00";0.02;52.75;20.6;11750
"2020-01-29";"03:00";0.02;53.25;20.6;11750
"2020-01-29";"03:00";0.01;53.75;20.6;11750
"2020-01-29";"03:00";0.01;54.25;20.6;11750
"2020-01-29";"03:00";0.01;54.75;20.6;11750
"2020-01-29";"03:00";0.02;49.25;21.4;11750
"2020-01-29";"03:00";0.02;49.75;21.4;11750
"2020-01-29";"03:00";0.02;50.25;21.4;11750
"2020-01-29";"03:00";0.02;50.75;21.4;11750
"2020-01-29";"03:00";0.02;51.25;21.4;11750
"2020-01-29";"03:00";0.01;51.75;21.4;11750
"2020-01-29";"03:00";0.02;52.25;21.4;11750
"2020-01-29";"03:00";0.02;52.75;21.4;11750
"2020-01-29";"03:00";0.02;53.25;21.4;11750
"2020-01-29";"03:00";0.01;53.75;21.4;11750
"2020-01-29";"03:00";0.01;54.25;21.4;11750
"2020-01-29";"03:00";0.01;54.75;21.4;11750
"2020-01-29";"03:00";0.02;49.25;22.2;11750
"2020-01-29";"03:00";0.02;49.75;22.2;11750
"2020-01-29";"03:00";0.02;50.25;22.2;11750
"2020-01-29";"03:00";0.02;50.75;22.2;11750
"2020-01-29";"03:00";0.01;51.25;22.2;11750
"2020-01-29";"03:00";0.01;51.75;22.2;11750
"2020-01-29";"03:00";0.02;52.25;22.2;11750
"2020-01-29";"03:00";0.01;52.75;22.2;11750
"2020-01-29";"03:00";0.01;53.25;22.2;11750
"2020-01-29";"03:00";0;53.75;22.2;11750
"2020-01-29";"03:00";0;54.25;22.2;11750
"2020-01-29";"03:00";0.01;54.75;22.2;11750
"2020-01-29";"03:00";0.02;49.25;23;11750
"2020-01-29";"03:00";0.02;49.75;23;11750
"2020-01-29";"03:00";0.02;50.25;23;11750
"2020-01-29";"03:00";0.02;50.75;23;11750
"2020-01-29";"03:00";0.02;51.25;23;11750
"2020-01-29";"03:00";0.01;51.75;23;11750
"2020-01-29";"03:00";0.01;52.25;23;11750
"2020-01-29";"03:00";0.01;52.75;23;11750
"2020-01-29";"03:00";0.01;53.25;23;11750
"2020-01-29";"03:00";0;53.75;23;11750
"2020-01-29";"03:00";0;54.25;23;11750
"2020-01-29";"03:00";0.01;54.75;23;11750
